k_nightswatch;Ночной Дозор;x
d_the_wall;Стена;x
c_castle_black;Чёрный Замок;x
b_castle_black;Чёрный Замок;x
b_ironmark;Ледовый Порог;x
b_the_nightfort;Твердыня Ночи;x
b_deep_lake;Глубокое Озеро;x
b_queensgate;Врата Королевы;x
b_oakenshield;Дубовый Щит;x
b_woodswatch;Лесной Дозор у пруда;x
c_shadow_tower;Сумеречная Башня;x
b_shadow_tower;Сумеречная Башня;x
b_sentinel_stand;Сторожевая Вышка;x
b_greyguard;Серый Страж;x
b_stonedoor;Каменная Дверь;x
b_hoarfrost_hill;Вымороженный Холм;x
c_westwatch_mbs;Западный Дозор-у-Моста;x
b_westwatch_mbs;Западный Дозор-у-Моста;x
c_eastwatch;Восточный Дозор;x
b_eastwatch;Восточный Дозор у моря;x
b_sable_hall;Соболий Зал;x
b_rimegate;Инистые Врата;x
b_the_long_barrow;Длинный Пригорок;x
b_the_torches;Сигнальная Башня;x
b_greenguard;Зеленый Страж;x
d_the_gifts;Дары;x
c_west_gift;Западный Дар;x
b_west_gift;Черная Долина;x
c_brandons_gift;Брандонов Дар;x
b_moles_town;Кротовый Городок;x
b_brandoncastle;Замок Брандона;x
b_north_town;Северная Башня;x
k_dragonstone;Драконий Камень;x
d_dragonstone;Драконий Камень;x
c_dragonstone;Драконий Камень;x
b_stone_drum;Драконий Камень;x
b_derlyn;Дерлин;x
b_sea_dragon_tower;Башня Морского Дракона;x
b_dragontooth_ridge;Крепость Гряды Драконьего Зуба;x
b_dragonglass_keep;Крепость Драконьего Стекла;x
b_dragon_port;Порт Драконьего Города;x
b_dragonstone_sept;Драконьего Камня;x
c_windwyrm;Виндвирм;x
b_windwyrm;Виндвирм;x
d_driftmark;Дрифтмарк;x
c_driftmark;Дрифтмарк;x
b_high_tide;Высокий Прилив;x
b_driftmark;Дрифтмарк;x
b_spicetown;Спайстаун;x
b_driftmark_sept;Дрифтмарка;x
b_hull;Халл;x
b_minomark;Миномарк;x
b_boatmark;Боутмарк;x
c_nimmark;Ниммар;x
b_nimmark;Ниммарк;x
d_merling_isles;Острова Мерлингов;x
c_gullet_tower;Башня Глотки;x
b_gullet_tower;Башня Глотки;x
c_waycastle;Уэйкасл;x
b_waycastle;Дорожный Замок;x
d_claw_isle;Клешня;x
c_claw_isle;Клешня;x
b_claw_isle;Клешня;x
b_celtina;Кельтина;x
b_aprochon;Эпрокон;x
b_leporon;Лепорон;x
b_claw_isle_sept;Клешни;x
d_sharp_point;Острый Мыс;x
c_sharp_point;Острый Мыс;x
b_sharp_point;Острый Мыс;x
b_sharp_point_harbour;Гавань Острого Мыса;x
b_west_point;Западный Мыс;x
b_valcrest;Вэлкрест;x
b_sharp_point_sept;Острого Мыса;x
d_sweetport_sound;Приветная Бухта;x
c_sweetport_sound;Приветная Бухта;x
b_sweetport_sound;Приветная Бухта;x
b_sweetport_harbour;Приветный Порт;x
c_rambton_port;Рэмпорт;x
b_rambton;Рамбтон;x
b_rambton_port;Рэмпорт;x
c_langward_hall;Лангуордхолл;x
b_langward_hall;Лангуордхолл;x
b_mormead;Мормид;x
b_corcourt;Коркурт;x
b_dragon_hall;Дрейкхолл;x
k_crackclaw_point;Клешня;x
d_crackclaw_point;Расколотая Клешня;x
c_southern_crackclaw_point;Пустыня Расколотой Клешни;x
b_erimount;Эринмаунт;x
b_cahors;Кахорс;x
b_claw_castle;Замок Клешни;x
b_penne;Пенне;x
c_strongcliff;Стронгклифф;x
b_strongcliff;Стронгклифф;x
b_strongcliff2;Крабовый Берег;x
b_strongcliff3;Шепчущая Бухта;x
b_strongcliff4;Скала Штормов;x
c_dyre_den;Лютое Логово;x
b_dyre_den;Лютое Логово;x
b_brownhollow;Бурая Лощина;x
b_kegworth;Кегворт;x
b_butterwall_forest;Лес Баттерволл;x
b_biron;Бирон;x
b_dyre_den_sept;Лютого Логова;x
c_northern_crackclaw_point;Север Расколотой Клешни;x
b_estaring;Эстеринг;x
b_millaun;Миллон;x
b_staffrick;Стаффрик;x
b_claw_tower;Башня Клешни;x
c_pynes;Сосновый Лес;x
b_caylus;Кайлус;x
b_pynes2;Когтистая Поляна;x
b_pynes3;Глубокое Болото;x
b_pynes4;Мрачный Лес;x
c_the_whispers;Шепоты;x
b_the_whispers;Шепоты;x
b_brizond_port;Порт Бризонд;x
b_clery;Клери;x
b_domeyraten;Дамирейтен;x
b_the_whispers_sept;Шепотов;x
e_first_men;Первые люди;x
e_first_men_adj;Первых людей;x
e_north;Север;x
e_north_adj;Северн;x
e_iron_isles;Железные острова;x
e_iron_isles_adj;Железнорожденн;x
e_vale;Горы и Долина;x
e_vale_adj;Долинск;x
e_westerlands;Утес;x
e_westerlands_adj;Западн;x
e_reach;Простор;x
e_reach_adj;Просторск;x
e_stormlands;Штормовые земли;x
e_stormlands_adj;Штормов;x
e_dorne;Дорн;x
e_dorne_adj;Дорнийск;x
e_riverlands;Трезубец;x
e_riverlands_adj;Речн;x
e_iron_throne;Железный Трон;x
k_crownlands;Королевские земли;x
k_crownlands_adj;Королевск;x
d_kings_landing;Королевская Гавань;x
c_kings_landing;Красный Замок;x
b_red_keep;Твердыня Мейгора;x
b_rk_black_cells;Каменные мешки;x
b_rk_sept;Красного Замка;x
b_rk_tower_hand;Башня Десницы;x
b_white_sword_tower;Башня Белого Меча;x
b_rk_maidenvault;Девичий Склеп;x
b_rk_kitchen_keep;Кухонный Замок;x
c_kl_city;Королевская Гавань;x
b_kl_dragon_gate;Драконьи ворота;x
b_kl_kings_gate;Королевские ворота;x
b_great_sept_of_baelor;Черноводной;x
b_kl_flea_bottom;Блошиный Конец;x
b_kl_dragon_pit;Драконье Логово;x
b_kl_cobblers_square;Сапожная площадь;x
b_kl_dockyards;пристаней Королевской Гавани;x
c_dalston_keep;Крепость Далстона;x
b_dalston_keep;Крепость Далстона;x
b_dalston_town;Далстон;x
b_farreach;Далекий Размах;x
b_lionsbane;Львиный Бич;x
c_greensward;Зеленый Покров;x
b_greensward;Зеленый Покров;x
b_belhedge;Белхедж;x
c_bramsfort;Брамсфорт;x
b_bramsfort;Брамсфорт;x
b_carpenter_town;Город Плотника;x
b_cavaillon;Кэвейллон;x
b_venatfort;Венатфорт;x
b_mbs_bitterfort;Барфорд;x
c_farring_cross;Фарринг-Кросс;x
b_farring_cross;Фарринг-Кросс;x
b_largetree;Большое Древо;x
b_lecheylard;Лечилард;x
b_primfort;Примфорт;x
d_wendwater;Путеводная;x
c_newspring;Новый Ключ;x
b_wendwater;Путеводная;x
b_wendbridge;Мост через Путеводную;x
c_bywater;Байуотер;x
b_bywater;Байуотер;x
b_drakebridge;Мост Дрейка;x
b_belmount;Белмаунт;x
b_lochmont;Локмонт;x
b_kingswood_sept;Королевского Леса;x
c_chyttering_brook;Читтеринг Брук;x
b_chyttering_brook;Читтеринг Брук;x
b_aelwick;Эйлвик;x
b_lowercliff;Нижний Утес;x
c_attadale;Аттадейл;x
b_attadale;Аттадейл;x
b_apt;Эпт;x
b_opaldell;Опалделл;x
b_violetley;Вайолетли;x
b_drakesdale;Дрейкдейл;x
d_blackwater_rush;Черноводная;x
c_mosborough;Мосборо;x
b_mosborough;Мосборо;x
b_faybank;Фэйбэнк;x
b_glassley;Глассли;x
b_silverfall;Сильверфолл;x
b_janview;Дженвью;x
c_byford;Байфорд;x
b_byford;Байфорд;x
b_alagon;Алагон;x
b_eridell;Эриделл;x
b_janacre;Дженекр;x
b_byford_sept;Байфорда;x
c_middleton;Миддлтон;x
b_middleton;Миддлтон;x
b_yore;Йор;x
c_great_fork;Большой Зубец;x
b_riverhold;Приречье;x
b_mallowhall;Мэллоухолл;x
b_agramunt;Эгремонт;x
b_orley;Орли;x
c_ferrykeep;Перевозная Крепость;x
b_ferrykeep;Паромная переправа;x
d_rosby;Росби;x
c_rosby;Росби;x
b_rosby;Росби;x
b_courtdell;Росби;x
b_strongmead;Стронгмид;x
b_prada;Прада;x
b_rosby_sept;Росби;x
c_drakecastle;Замок Дрейка;x
b_drakecastle;Замок Дрейка;x
c_edgerton;Эджертон;x
b_edgerton;Крепость Эджертон;x
b_clinton;Клинтон;x
b_davaye;Девей;x
b_fuisse;Фьюсс;x
d_hayford;Хейфорд;x
c_hayford;Хейфорд;x
b_hayford;Хейфорд;x
b_starrydell;Стерридел;x
b_dragongur;Драгонгур;x
b_summermeadow;Летний Луг;x
b_goldfield;Золотое Поле;x
b_drakedwelling;Логово Дрейка;x
c_belgrave_hall;Белгрейв;x
b_belgrave_hall;Замок Белгрейв;x
b_belgrave_sept;Белгрейва;x
b_belgrave_town;Гордая Могила;x
c_rayonet;Рейонет;x
b_rayonet;Рейонет;x
b_barrowbridge;Бэрроусбридж;x
b_swynbank;Свинбэнк;x
b_faykeep;Фэйкип;x
c_sows_horn;Свиной Рог;x
b_sows_horn;Свиной Рог;x
b_dorhill;Дорхилл;x
b_westice;Вестис;x
b_morwyn;Морвин;x
d_stokeworth;Стокворт;x
c_stokeworth;Стокворт;x
b_stokeworth;Стокворт;x
b_shadebush;Шейдбраш;x
b_lorness;Лорнесс;x
b_valbridge;Вэлбридж;x
b_stokeworth_sept;Стокворта;x
c_worm_woods;Змеиная Роща;x
b_worm_woods;Змеиная Роща;x
c_byrch_hall;Берчхолл;x
b_byrch_hall;Берчхолл;x
b_pallars;Палларс;x
b_whitemoor;Уайтмур;x
b_tremp;Тремп;x
d_flatgreens;Зеленые Равнины;x
c_goodfort;Гудфорт;x
b_goodfort;Гудфорт;x
b_goodsept;Гудсепт;x
c_loarre;Лоарр;x
b_loarre;Лоарр;x
c_antlers;Оленьи Рога;x
b_antlers;Оленьи Рога;x
b_byfield;Байфилд;x
b_witchville;Ведьмин Град;x
b_moorham;Мурхэм;x
c_brindlewood;Бриндлвуд;x
b_brindlewood;Бриндлвуд;x
b_pauzin;Позин;x
b_estershade;Эстершейд;x
b_violetbarrow;Вайолетбэрроу;x
c_rollingford;Роллингфорд;x
b_rollingford;Роллингфорд;x
b_dragonmarsh;Драконье Болото;x
b_montroll;Монтролл;x
b_stoneroll;Стоунролл;x
d_duskendale;Сумеречный Дол;x
c_duskendale;Сумеречный Дол;x
b_dun_fort;Сумеречный форт;x
b_duskendale;Сумеречный Дол;x
b_newedge;Ньюэдж;x
b_dusk_sept;Сумеречный Дол;x
b_duskendale_two;Сумеречный Дол;x
b_duskendale_three;Сумеречный Дол;x
c_highley;Хайли;x
b_highley;Хайли;x
b_highley_2;Хайли;x
c_rykkers_tower;Башня Риккера;x
b_rykkers_hold;Башня Риккера;x
c_hammerhold;Хаммерхолд;x
b_hammerhold;Хаммерхолд;x
c_woodhollow;Вудхоллоу;x
b_woodhollow;Вудхоллоу;x
c_hollard_hall;Холлардхолл;x
b_hollard_hall;Холлардхолл;x
b_saissac;Сайссак;x
b_bluedell;Блюделл;x
b_seamill;Морская Мельница;x
c_rooks_rest;Грачиный Приют;x
b_rooks_rest;Грачиный Приют;x
b_muret;Марет;x
b_drauban;Дробен;x
d_masseys_hook;Крюк Масси;x
c_stonedance;Камнепляс;x
b_stonedance;Камнепляс;x
b_luna;Луна;x
b_fayham;Фэйхэм;x
b_saneldell;Сэнелделл;x
b_stonedance_sept;Камнепляса;x
c_castelnaudary;Гололедица;x
b_castelnaudary;Кастелнодери;x
c_woodmere;Вудмер;x
b_woodmere;Вудмер;x
b_crystalmere;Кристалмер;x
b_rockley;Рокли;x
b_esterhill;Эстерхилл;x
k_north;Север;x
k_north_adj;Северн;x
d_winterfell;Винтерфелл;x
c_winterfell;Винтерфелл;x
b_winterfell;Винтерфелл;x
b_wintertown;Зимний городок;x
b_winterwood;Зимний лес;x
b_whitegate;Белые врата;x
b_brandonburgh;Город Брандона;x
c_coldstream;Холодный Поток;x
b_coldstream;Морозный ручей;x
c_castlecerwyn;Сервин;x
b_castlecerwyn;Сервин;x
b_thorpe;Торп;x
c_kingscourse;Королевский тракт;x
b_wayfarerswatch;Дозор Путника;x
b_travelton;Тревелтон;x
b_southerway;Саусервэй;x
c_torrhenssquare;Торрхенов Удел;x
b_torrhenssquare;Торрхенов Удел;x
b_henslaketon;Хенслейктон;x
b_eastedgebarrens;Восточные Пустоши;x
d_lasthearth;Последний Очаг;x
c_lasthearth;Последний Очаг;x
b_lasthearth;Последний Очаг;x
b_woodhaven;Вудхэвен;x
b_fellber;Феллбер;x
b_northwold;Северная Пустошь;x
c_the_north_shield;Северный Щит;x
b_coldhall;Колдхолл;x
b_frozen_field;Замерзшее Поле;x
b_falltide;Фоллтайд;x
c_lonelyhills;Одинокие холмы;x
b_loftyfort;Возвышенный форт;x
b_longlaketown;Длинное озеро;x
b_umberleigh;Амберли;x
c_mudgrasp;Мадграсп;x
b_mudgrasp;Мадграсп;x
c_lastriver;Последняя река;x
b_ashkeep;Пепельная застава;x
b_northpost;Северный пост;x
b_snowmelthall;Зал Талого снега;x
c_sealshore;Тюлений берег;x
b_fisherhall;Фишерхолл;x
b_wintrackpost;Винтрек;x
c_new_gift;Новый Дар;x
b_queenscrown;Корона Королевы;x
b_roads_end;Конец дорог;x
b_whitecross;Белый крест;x
d_karhold;Кархолд;x
c_karhold;Кархолд;x
b_karhold;Кархолд;x
b_barbleton;Барблтон;x
b_eastharbor;Восточная Гавань;x
b_snowdell;Снежная Лощина;x
b_greyclifftower;Серокаменная башня;x
c_the_towers;Башни;x
b_home_tower;Домашняя Башня;x
b_field_tower;Полевая Башня;x
b_small_tower;Малая Башня;x
c_shorefrost;Шорфрост;x
b_shorefrost;Шорфрост;x
c_eastmelt;Истмелт;x
b_karlspost;Карлспост;x
b_eastmelt;Истмелт;x
c_weepingbay;Рыдальный залив;x
b_rangersrefuge;Приют следопыта;x
b_gancliff;Ганклифф;x
d_dreadfort;Дредфорт;x
c_dreadfort;Дредфорт;x
b_dreadfort;Дредфорт;x
b_weeping;Рыдальница;x
b_windygrove;Продуваемая Роща;x
b_boltongate;Врата Болтонов;x
c_fleischers_keep;Крепость Флейшера;x
b_fleischerskeep;Крепость Флейшера;x
c_aylesvale;Вершина;x
b_aylestor;Вершина;x
b_lakehold;Белая Роща;x
b_deepcroft;Дипкрофт;x
c_ethering;Этеринг;x
b_ethersfort;Этерсфорт;x
b_etherington;Этерингтон;x
b_ethersgrove;Этерсгроув;x
d_whiteharbor;Белая Гавань;x
c_whiteharbor;Белая Гавань;x
b_newcastle;Новый Замок;x
b_whiteharbor;Белая Гавань;x
b_septofsnow;Снежная;x
b_hardmead;Хардмид;x
b_alethorp;Алеторп;x
b_sallybrook;Саллибрук;x
c_wolfs_den;Волчье Логово;x
b_wolfsden;Волчье Логово;x
b_wolfsden_2;Лютоволчья Крепость;x
c_silver_river;Серебряная Река;x
b_silver_river;Вестпорт;x
c_whiteknife;Белый Нож;x
b_whitecreekcastle;Твердыня Белого залива;x
b_chalkchildsseat;Трон Меловых Детей;x
b_brokersbrook;Брокерсбрук;x
c_dawnforest;Рассветный лес;x
b_glencastle;Лощина;x
b_childrenscopse;Роща Детей;x
c_whitford;Уитфорд;x
b_fordswatch;Фордсвоч;x
b_whitfordtown;город Уитфорд;x
b_waterley;Уотерлей;x
d_oldcastle;Старый Замок;x
c_oldcastle;Старый Замок;x
b_oldcastle;Старый Замок;x
b_bitesmouthtown;Кусачий город;x
b_thetooth;Зуб;x
c_white_firth_mbs;Белое Устье;x
b_white_firth_1;Уотерманхолл;x
b_white_firth_2;Тюлений Дозор;x
b_white_firth_3;Песочный Берег;x
d_mbs_blackpool;Чёрная Заводь;x
c_longhall_mbs;Лонгхолл;x
b_longhall_mbs;Лонгхолл;x
b_longhall_mbs_2;Сестринский Щит;x
b_longhall_mbs_3;Залив Длинного Берега;x
c_blackpool;Чёрная Заводь;x
b_blackpool;Чёрная Заводь;x
b_blacktown;Чёрный город;x
b_waterford2;Проточье;x
b_longhouse;Длинный Дом;x
b_shoreguard;Стража побережья;x
b_southsnow;Югоснежье;x
b_oldcliff;Старый утёс;x
c_duskhorn;Сумеречный Рог;x
b_amberkeep;Эмберкип;x
b_pridecall;Зов Гордости;x
b_oldkeep;Старая Крепость;x
d_northclans;Северные кланы;x
c_crowsedge;Край Стервятников;x
b_wullseat;Усадьба Вуллов;x
b_bucketon;Бакетон;x
b_coldcove;Холодная бухта;x
c_arrendell;Арренделл;x
b_wolfscroft;Волчий хутор;x
b_arwoodtower;Башня Арвуд;x
b_knottheartglen;Долина Ноттов;x
c_pinesend;Пайнсенд;x
b_firmont;Фирмонт;x
b_treesedge;Триседж;x
b_highwoodhall;Хайвудхолл;x
c_shadowmoor;Тенистое Болото;x
b_moorhold;Моорхолд;x
b_darkwood;Темный Лес;x
b_highheath;Высокая пустошь;x
c_flintkeep;Каменный Холм;x
b_flintkeep;Каменный Холм;x
b_brinmore;Бринмор;x
b_woodend;Вуденд;x
c_longwatch;Долгий Дозор;x
b_harclay_hall;Харклейхолл;x
b_harclay_hall_2;Ледяной Дозор;x
c_burley_vale;Дол Берли;x
b_burley_hall;Берлихолл;x
b_burley_hall_2;Холодный Источник;x
c_coast_gift;Береговой Дар;x
b_coast_gift;Белая Трава;x
d_bearisland;Медвежий Остров;x
c_bearisland;Медвежий Остров;x
b_bearislandhall;Крепость Мормонтов;x
b_bearstone;Медвежий Камень;x
b_bearwood;Межвежий Лес;x
c_woodpeaks;Вудпикс;x
b_woodfootwatch;Дозор Вудфутов;x
d_moatcailin;Ров Кейлин;x
c_moatcailin;Ров Кейлин;x
b_childrenstower;Детская башня;x
b_gatehousetower;Привратная башня;x
b_drunkardstower;Пьяная башня;x
b_cailin_giants;Башня Гиганта;x
b_cailin_wolfs;Волчья Башня;x
b_cailin_glutton;Башня Обжорства;x
b_cailin_lizardlion;Башня Львоящера;x
# b_elkstone;Элкстоун;x
d_skagos;Скагос;x
c_kingshouse;Королевский Дом;x
b_kingshouse;Королевский Дом;x
b_snowrow;Метель;x
c_deepdown;Недра;x
b_deepdown;Недра;x
b_weirrocks;Чаркамни;x
c_driftwoodhall;Плавниковый Чертог;x
b_driftwoodhall;Плавниковый Чертог;x
b_blizzardbarrow;Вьюжный Курган;x
c_feast_isle;Пиршественный Остров;x
b_feast_hall;Фистхолл;x
c_skane;Скейн;x
b_skaggswatch;Дозор Скаггов;x
b_skane;Скейн;x
d_rills;Родники;x
c_rills;Родники;x
b_highbrooktower;Башня Высокого ручья;x
b_coldbrooke;Колдбрук;x
b_runletfort;Ручейковый форт;x
b_manehall;Грива;x
c_frostwharf;Морозная Пристань;x
b_frostwharf;Морозная Пристань;x
c_witheredheath;Увядшая пустошь;x
b_skysmeet;Скайсмит;x
b_red_barrow;Багряный Курган;x
b_wetrocks;Сырые Камни;x
c_blazewatercoast;Родниковая Переправа;x
b_saltspearkeep;Родниковая Переправа;x
b_brightrill;Светлый Родник;x
b_thesalt;Соль;x
d_stonyshore;Каменный Берег;x
c_stonyshore;Каменный берег;x
b_reaverswatch;Дозор Разорителей;x
b_anglerage;Энглрейдж;x
c_bluehills;Черная Заводь;x
b_firsenfort;Черная Заводь;x
b_bluetower;Лазурная башня;x
c_the_birch;Береза;x
b_the_birch;Березовая Крепость;x
c_seadragonpoint;Мыс Морского Дракона;x
b_seadragonwatch;Дозор Морского Дракона;x
b_dragonport;Порт Дракона;x
b_seadragonwatch1;Логово Серого Волка;x
b_seadragonwatch2;Корабельный Дозор;x
b_seadragonwatch3;Скорбь Брандона;x
d_wolfswood;Волчий лес;x
c_deepwood;Темнолесье;x
b_deepwoodmotte;Темнолесье;x
b_frostypoint;Морозный Мыс;x
b_shadythicket;Тенистая Чаща;x
b_wulfhall;Волчий Чертог;x
c_silent_sentinels;Безмолвные Стражи;x
b_woodshome;Вудсхом;x
b_clearfield;Клирфилд;x
c_blackgrove;Железный Холм;x
b_blackgrove;Железный Холм;x
b_copsetor;Копсетор;x
b_steel_oak;Замок Стальной Дуб;x
c_kingsgrove;Королевская роща;x
b_tumbledown_tower;Башня-Развалюха;x
b_brierscroft;Шиповник;x
b_harclayhall;Харклейхолл;x
c_wolfswood;Волчий лес;x
b_forestrefuge;Лесной Приют;x
b_croftersclearing;Вырубка Дровосека;x
b_wolfwoodhide;Укрытие Волчьего леса;x
c_acorngrove;Желудевая роща;x
b_grovefort;Дубрава;x
b_weirskags;Чароскагс;x
c_e_wolfwood;Черная Роща;x
b_e_wolfwood_mbs_keep;Вересковый Острог;x
b_e_wolfwood_mbs_temple;Остров Чардрев;x
b_e_wolfwood_mbs_croft;Деревня Фермеров;x
b_e_wolfwood_mbs_keep_2;Лесной Дозор;x
d_barrowlands;Курганы;x
c_barrowton;Барроутон;x
b_highbarrow;Барроухолл;x
b_barrowton;Барроутон;x
b_godshill;Годшилл;x
b_harwoodshold;Владение Харвудов;x
c_brownbarrow_fort;Браунбэрроу;x
b_brownbarrow_fort;Бурая Крепость;x
b_brownbarrow;Бурый Курган;x
c_spearmouth;Златотравье;x
b_lowbarrow;Златотравье;x
b_spearmouth;Златотравье;x
b_bentbarrow;Гнутый Курган;x
c_fever;Горячка;x
b_dunfort;Сумеречный форт;x
b_feverreef;Дрожащий Риф;x
d_hornwood;Сломанная Ветка;x
c_hornwood;Хорнвуд;x
b_castlehornwood;Замок Хорнвуд;x
b_hunterslodge;Домик охотника;x
b_hightree;Высокое дерево;x
b_bullstone;Бычий Камень;x
c_manvers;Мэнверс;x
b_manvers;Манверс;x
c_ramsgate;Бараньи Ворота;x
b_ramsgate;Бараньи Ворота;x
b_fleecemarket;Шерстяной рынок;x
b_thebrokenbranchsmouth;Устье Сломанной Ветки;x
c_sheepsheadhills;Бараньи Лбы;x
b_shepherdshearth;Очаг Пастуха;x
b_brokenbranchhead;Сломаная Ветвь;x
d_widowswatch;Вдовий Мыс;x
c_widowswatch;Вдовий Дозор;x
b_widowswatch;Вдовий Дозор;x
b_westraton;Вестратон;x
b_jaw_hill;Холм Челюсти;x
c_isfield;Исфилд;x
b_isfield;Исфилд;x
b_isfield_town;Белая Трава;x
c_overton;Овертон;x
b_thenarrowseerstower;Башня смотрителя;x
b_overton;Овертон;x
b_weeperford;Рыдальный Брод;x
d_west_marshes;Западные Болота;x
c_greycrann;Грейкранн;x
b_tammscrannog;Плавучий остров Тамма;x
b_floathold;Флоутхолд;x
c_churwell;Чурвелл;x
b_churwellcrannog;Плавучий остров Чурвелл;x
b_churwellford;Чурвеллфорд;x
c_mossy_fort;Мшистый Форт;x
b_mossy_fort;Моссфорт;x
c_marshborn;Маршборн;x
b_marshborn;Южные Болота;x
c_bogland;Богленд;x
b_bogland;Богленд;x
d_theneck;Перешеек;x
c_greywaterwatch;Сероводье;x
b_greywaterwatch;Сероводье;x
b_thegreydun;Серый форт;x
b_thesunkgrove;Затонувшая роща;x
b_reedhall;Ридхолл;x
c_cray_fort;Крэй;x
b_cray_fort;Крэй;x
c_quagland;Квагленд;x
b_quagland;Квагленд;x
c_silvereed;Сильверид;x
b_fendun;Фендун;x
b_toirnsbog;Болото Тоирна;x
d_flintsfinger;Кремневый Палец;x
c_flintsfinger;Кремневый Палец;x
b_flintsfinger;Кремневый Палец;x
b_flintsthumb;Большой Палец;x
c_capekraken;Мыс Кракена;x
b_greencliffe;Гринклифф;x
b_ringrock;Скальный Обод;x
c_eagle_tower;Орлиная Башня;x
b_theeagletower;Орлиная башня;x
c_flintcliffs;Кремневые Утесы;x
b_clifftower;Скальная башня;x
b_arrowgrassroad;Луговая дорога;x
k_riverlands;Трезубец;x
k_riverlands_adj;Речн;x
d_harrenhal;Харренхолл;x
c_harrenhal;Харренхолл;x
b_harrenhal;Харренхолл;x
b_harrentown;Харрентон;x
b_upstream;Высокий Ручей;x
b_harrenhal_sept;Харренхолла;x
b_kingharren1;Башня Королевский Костер;x
b_kingharren2;Вдовья Башня;x
b_kingharren3;Башня Ужаса;x
c_nutt_hall;Наттхолл;x
b_nutt_hall;Наттхолл;x
b_nutt_port;Наттпорт;x
c_atranta;Атранта;x
b_atranta;Атранта;x
b_knightwick;Кнайтвик;x
b_rastrick;Рэстрик;x
b_tumblersfalls;Падучий Водопад;x
c_lolliston;Лоллистон;x
b_lollistonkeep;Крепость Лоллистон;x
b_lolliston;Лоллистон;x
b_brightbridge;Светлый мост;x
b_notton;Ноттон;x
d_esgaroth;Баттервелл;x
c_esgaroth;Эсгарот;x
b_butter_hall;Баттерхолл;x
b_salmonby;Скрещенные Вязы;x
b_lofthouse;Лофтхауз;x
b_esgaroth_sept;Эсгарота;x
b_whitewalls;Белые Стены;x
b_cowstone;Белый Шиповник;x
c_beargrave;Медвежья Могила;x
b_beargrave;Медвежье Логово;x
b_blackfield_court;Двор Черного Поля;x
c_shoreham;Шорхэм;x
b_shoreham;Шорхэм;x
b_frogpool;Бурливый водопад;x
b_oakworth;Окворт;x
b_lakehall;Озёрный Чертог;x
d_riverrun;Риверран;x
c_riverrun;Риверран;x
b_riverrun;Риверран;x
b_riverruntown;Ривервью;x
b_riverrunsept;Риверрана;x
b_whentbridge;Мост Уэнтов;x
b_havercroft;Хэверкрофт;x
b_greetland;Гритленд;x
c_turnbridge;Перевернутый мост;x
b_sarwyckkeep;Крепость Поворотного моста;x
b_riverturn;Речной поворот;x
b_turnbridge;Перевернутый мост;x
b_brakenhill;Холм Бракена;x
c_branstone;Рубленый Камень;x
b_branstoneholdfast;Рубленый Камень;x
b_branstone;Рубленый Камень;x
b_stonemill;Каменная Мельница;x
c_deddington;Деддингтон;x
b_deddington;Деддингтон;x
b_molescroft;Молескрофт;x
d_thecrossing;Переправа;x
c_thetwins;Близнецы;x
b_thetwins;Близнецы;x
b_sevenstreams;Семь Ручьев;x
b_mistlewatch;Мистлвоч;x
b_greysept;Близнецы;x
b_hampole;Хэмпол;x
c_hagsmire;Ведьмино Болото;x
b_hagsmire;Ведьмино Болото;x
c_freylands;Земли Фреев;x
b_fairstead;Ярмарка;x
b_carcroft;Каркрофт;x
b_riverinn;Гостиница у реки;x
b_firbeck;Фирбек;x
c_mistlewood;Мистлвуд;x
b_charlscastle;Замок Чарл;x
b_charlton;Чарлтон;x
b_hood_green;Зеленый Капюшон;x
c_erenford;Эренфорд;x
b_erenfordhall;Чертог Эренфорда;x
b_erenfordtown;Паучий лес;x
b_broadstream;Ивняк;x
b_micklebring;Миклбринг;x
d_seagard;Сигард;x
c_seagard;Сигард;x
b_seagardcastle;Замок Сигард;x
b_seagard;Сигард;x
b_fishville;Рыбный городок;x
b_seawatch;Морской Дозор;x
b_seagard_sept;Сигарда;x
b_rawmarsh;Сырое болото;x
c_martletbay;Ласточкина Бухта;x
b_martletnest;Ласточкино Гнездо;x
b_martlethill;Ласточкин Холм;x
b_silversprings;Серебряные Родники;x
b_braithwell;Брейтвелл;x
c_gravesham;Грейвсхэм;x
b_graveshamkeep;Грейвсхэмхолл;x
b_gravesham;Грейвсхэм;x
b_cragg_vale;Долина Крэгга;x
c_capeofeagles;Мыс Орлиный;x
b_eagleseyrie;Орлиный Насест;x
b_eaglestown;Орлиный городок;x
b_kine_moor_2;Коровье Болото;x
c_longleaf;Длинный Лист;x
b_longleaf;Длинный Лист;x
d_oldstones;Старые Камни;x
c_oldstones;Старые Камни;x
b_oldstones;Старые Камни;x
b_pitford;Питфорд;x
b_silkstone;Шелковый Камень;x
b_letwell;Летвелл;x
b_hunshelf;Ханшелф;x
c_rushmoor;Рашмур;x
b_moorville;Торфяной город;x
b_rushmoor;Рашмур;x
b_elsecar;Элсекар;x
c_stillfen;Безмолвная топь;x
b_stillfen;Безмолвная топь;x
b_redwoodmeadow;Луг секвойи;x
b_elmbridge;Вязовый Мост;x
b_warter;Уортер;x
d_blackwood;Чернолесье;x
c_blackwoodvale;Чернолесье;x
b_raventreehall;Воронодрев;x
b_lushton;Грязнуля;x
b_oldgodshill;Медовый Цвет;x
b_woodford;Илистый;x
b_woodhedge;Лесная Ограда;x
b_battle_valley;Долина Битв;x
b_crossbow_ridge;Арбалетные Холмы;x
b_claypool;Глинистый Пруд;x
b_raventreehall_temple;Воронодрев;x
c_maidstone;Каменная Дева;x
b_maidstone;Каменная Дева;x
b_maidtown;Девичие Горы;x
b_maidfalls;Упавшие Девы;x
b_oxenhope;Оксенхоуп;x
c_blackrush;Темный Прилив;x
b_halterfalls;Халтерфоллс;x
b_shawneytown;Город Шоуни;x
b_riverhalt;Речной Привал;x
b_liversedge;Ливерседж;x
c_fairmarket;Ярмарочное Поле;x
b_fairmarketcastle;Ярмарочные ворота;x
b_fairmarket;Ярмарочное Поле;x
b_ramsford;Бараний брод;x
b_fairmarket_sept;Ярмарочного Поля;x
b_crossflatts;Кроссфлэттс;x
d_southstone;Южный Камень;x
c_stonehedge;Каменная Ограда;x
b_stonehedge;Каменная Ограда;x
b_lambswold;Ламбсвольд;x
b_halfway;Полупуть;x
b_mudford;Иловый брод;x
b_stonehedge_sept;Каменной Ограды;x
b_waspwood;Осинный лес;x
b_rutting_meadow;Гон;x
c_medway;Личестер;x
b_castlelynchester;Крепость Личестеров;x
b_medway;Личестер;x
b_sallydance;Скоропляс;x
b_crigglestone;Кригглстоун;x
c_goodbrook;Гудбрук;x
b_goodbrook;Гудбрук;x
b_goodbrooktown;Ручейки;x
b_goodbrooktown2;Озерный берег;x
b_lightcliffe;Лайтклифф;x
d_acornsridge;Желудевая гряда;x
c_pinkmaiden;Розовая Дева;x
b_pinkmaidencastle;Замок Розовая Дева;x
b_broadfield;Длинный Лист;x
b_brockhall;Брокхолл;x
b_pinkmaidensept;Розовой Девы;x
b_muddleshaw;Маддлшоу;x
b_mummersford;Шутовской Брод;x
c_brittleburn;Ломкое Пламя;x
b_brittleburn;Торчпайкс;x
c_stoneysept;Каменная Септа;x
b_greystoneholdfast;Оплот Серого Камня;x
b_stoneysept;Каменная Септа;x
b_stoneysept_sept;Каменной Септы;x
b_belltower;Колокольная башня;x
c_castlewood;Каслвуд;x
b_castlewood;Каслвуд;x
b_old_beehive;Старый Улей;x
b_three_stones;Три Камня;x
b_winfield;Винфилд;x
d_wayfarersrest;Приют Странника;x
c_wayfarersrest;Приют Странника;x
b_wayfarersrest;Приют Странника;x
b_wayfarersrest2;Бечестер;x
b_wayfarersrest3;Свинфорд;x
b_brookfoot;Брукфут;x
b_peasedale;Тихий Остров;x
b_sherrer;Шеррир;x
c_acornhall;Желуди;x
b_acornhall;Желуди;x
b_greenfield_a;Трехгрошовый лес;x
b_acornkeep;Желудевая крепость;x
b_acornhall_sept;Желудей;x
b_fulneck;Фулнек;x
c_highheart;Высокое Сердце;x
b_highheart;Высокое Сердце;x
b_scrafield;Скрафилд;x
b_scrafstone;Скрафстоун;x
b_ryhill;Райхилл;x
d_bayofclaws;Крабий Залив;x
c_harrowaystown;Город Харровея;x
b_harroway;Башня Харровея;x
b_lordharrowaystown;лорда Харровея;x
b_harroway_sept;Города Харровея;x
b_gowdall;Гаудолл;x
b_innatthecrossroads;Гостиница на перекрестке;x
c_darry;Дарри;x
b_castledarry;Замок Дарри;x
b_nutten;Орешник;x
b_riverbend;Лука;x
b_wendishtown;Вендский городок;x
b_darry_sept;Дарри;x
b_fangfoss;Фэнгфосс;x
b_rosemallowpond;Туманный остров;x
c_saltpans;Солеварни;x
b_saltpansholdfast;Оплот Солеварен;x
b_saltpans;Солеварни;x
b_quietisle;Тихий остров;x
b_cowden;Кауден;x
c_hawick_port;Хавикпорт;x
b_hawick_port;Хэвик;x
b_hawick;Хоик;x
c_maidenpool;Девичий Пруд;x
b_maidenpoolcastle;Стража Пруда;x
b_maidenpool;Девичий Пруд;x
b_maidenpool_sept;Девичьего Пруда;x
b_huggate;Ворота Объятий;x
b_marblelake;Мраморное озеро;x
b_maidenpool_motherhouse;Материнский дом Девичьего Пруда;x
c_quiet_isle;Тихий остров;x
b_quiet_isle;Тихий остров;x
b_quiet_isle_1;Туманная Деревушка;x
d_willowwood;Ивовая Роща;x
c_willowwood;Ивовая Роща;x
b_willowhill;Ивовый холм;x
b_crossways;Перекресток;x
b_smallwood;Смоллвуд;x
b_scarcroft;Скаркрофт;x
b_ferrybridge;Мост Переправы;x
c_pemford_port;Пемфорд;x
b_moorkeep;Серебряные Родники;x
c_mistwick;Миствик;x
b_mistwick;Миствик;x
c_wycombe;Викомб;x
b_wycombe;Викомб;x
b_wycombetown;Виктаун;x
b_wycombetown2;Комбтаун;x
b_lelley;Лелли;x
b_wycombe_sept;Викомба;x
c_chiltern;Чилтерн;x
b_chilterncastle;Замок Чилтерн;x
b_fairmill;Ярмарочная Мельница;x
b_lakehaven;Озерной Приют;x
b_fiftyford;Пятьдесят бродов;x
b_reedness;Риднесс;x
d_trident;Трезубец;x
c_bluefork;Синий Зубец;x
b_sevenbridges;Семь Мостов;x
b_brokerstream;Брокерстрим;x
b_bybushmill;Вдовий брод;x
b_harswell;Харсвелл;x
c_redfork;Красный Зубец;x
b_swamplake;Доннелвуд;x
b_waterford;Тихий Пруд;x
b_kilpin;Килпин;x
b_hartshead;Филдстон;x
k_vale;Долина;x
k_vale_adj;Долинск;x
d_the_giants_lance;Копье Гиганта;x
c_the_eyrie;Орлиное Гнездо;x
b_the_eyrie;Орлиное Гнездо;x
b_stone;Каменная Крепость;x
b_snow;Снежный Замок;x
b_sky;Небесный Замок;x
b_the_eyrie_sept;Орлиного Гнезда;x
c_the_gates_of_the_moon;Лунные Врата;x
b_the_gates_of_the_moon;Лунные Врата;x
b_the_gates_of_the_moon_town;Гейтстон;x
b_the_gates_of_the_moon_sept;Врат;x
c_crown_crag;Гряда Короны;x
b_the_crown;Корона;x
b_egenford;Игенфорд;x
b_highcliff_watch;Дозор Высокой Скалы;x
c_bloody_gate;Кровавые Врата;x
b_bloody_gate;Кровавые Врата;x
b_godsroost;Годсруст;x
b_eaglethorpe;Игелторп;x
d_gulltown;Чаячий город;x
c_gulltown;Чаячий город;x
b_grafton_keep;Крепость Графтон;x
b_gulltown;Чаячий город;x
b_valeresk;Вейлреск;x
b_faithcliff;Фэитклифт;x
b_gulltown_sept;Чаячего города;x
b_swallowcliffe;Свэллоуклифф;x
c_gull_keep;Чаячья Крепость;x
b_gull_tower;Чаячья башня;x
c_titans_town;Город Титана;x
b_titans_town;Чаячий Замок;x
b_maris_motherhouse;Материнский дом Марис;x
c_gulltower_mbs;Чаячья Башня;x
b_gulltower_mbs;Чаячья Башня;x
b_gullsept_mbs;Осгрейв;x
b_gulltower_mbs_1;Шеттхолл;x
d_the_sisters;Сестры;x
c_sunderland;Сандерленд;x
b_sunderland_hall;Разлучная Земля;x
b_crably;Крэбли;x
b_skerry;Риф;x
c_sweetsister;Милая Сестра;x
b_sisterton;Систертон;x
b_breakwater;Волнолом;x
b_sweetsister_sept;Милой Сестры;x
b_dordon;Дордон;x
c_longsister;Длинная Сестра;x
b_starsea_beacon;Маяк Морская Звезда;x
b_gimbleton;Гимблтон;x
b_birchmoor;Березовое Болото;x
c_littlesister;Малая Сестра;x
b_havenry;Хэйвенри;x
b_blackhaven_a;Чёрный Приют;x
b_polesworth;Поулсворт;x
d_northweald;Северная Пустошь;x
c_hearts_home;Дом Сердец;x
b_hearts_home;Дом Сердец;x
b_creek_castle;Замок Ручьев;x
b_wingpass;Крылатый Перевал;x
b_hearts_home_sept;Дома Сердец;x
c_coldwater_burn;Стылые Воды;x
b_coldwater_burn;Стылые Воды;x
b_rosesk;Розеск;x
b_rosvale;Розвейл;x
b_coldwater_burn_sept;Стылых Вод;x
c_newkeep;Новая Крепость;x
b_newkeep;Новая Крепость;x
b_wiskyme;Уискайм;x
b_moonlight;Лунный Cвет;x
b_wickby;Викби;x
c_snakewood;Змеиный Лес;x
b_snakewood_seat;Седалище Змеиного Леса;x
b_bycopse;Байкопс;x
b_woodvale;Лесная Долина;x
b_snakewood_sept;Змеиного Леса;x
c_fresh_source;Свежий Исток;x
b_fresh_source;Три Ключа;x
d_strongsong;Суровая Песнь;x
c_strongsong;Суровая Песнь;x
b_strongsong;Суровая Песнь;x
b_belham;Белхам;x
b_blackford;Чёрный Брод;x
b_strongsong_sept;Суровой Песни;x
b_clifthaven;Клифтхэвен;x
b_falkenham;Фалкенхэм;x
c_moonsgrey;Серые Луны;x
b_renwick;Ренвик;x
b_menaskham;Менаскхэм;x
b_horcrag;Хоркрэг;x
c_wilesmare;Уайлсмер;x
b_wilesmare;Уайлсмер;x
d_eastweald;Восточная Пустошь;x
c_longbow_hall;Длинный Лук;x
b_longbow_hall;Длинный Лук;x
b_fletcham;Флэтчам;x
b_hunters_point;Мыс Хантеров;x
c_old_anchor;Старый Якорь;x
b_old_anchor;Старый Якорь;x
b_melford;Мелфорд;x
b_grellport;Греллпорт;x
b_old_anchor_sept;Старого Якоря;x
c_cliff_keep;Наскальная Крепость;x
b_cliff_keep;Утесная Крепость;x
c_upcliff;Апклифф;x
b_the_seas_watcher;Щебень;x
b_grinport;Гринпорт;x
b_crestwalk;Крестволк;x
d_ironoaks;Железная Дубрава;x
c_ironoaks;Железная Дубрава;x
b_ironoaks_castle;Замок Железная Дубрава;x
b_wayncroft;Уэйнкрофт;x
b_timberton;Тимбертон;x
b_waynford_watch;Уэйнфорд;x
b_ironoaks_sept;Железной Дубравы;x
c_bite_coast;Тяжкий Дол;x
b_blackmund_tower;Башня Блэкмунд;x
b_biteport;Порт Пасть;x
b_sunnyvale;Солнечная Долина;x
b_biteport_sept;Порта Пасти;x
d_runestone;Рунный Камень;x
c_runestone;Рунный Камень;x
b_runestone;Рунный Камень;x
b_yohnston;Джонстон;x
b_falcon_tower;Соколиная Башня;x
b_andleton;Эндлтон;x
b_runestone_sept;Рунного Камня;x
b_bronzeguard;Бронзовая Стража;x
c_narrowshade;Узкотенье;x
b_dutton;Даттон;x
b_stonewatch;Каменный Дозор;x
b_rocky_hill;Скалистый Холм;x
c_grey_glen;Серая Лощина;x
b_grey_glen;Серая Лощина;x
b_greypool;Грейпул;x
b_greymund;Греймунд;x
b_easenhall;Изенхолл;x
d_witch_isle;Ведьмин Остров;x
c_witch_isle;Ведьмин Остров;x
b_witch_isle;Ведьмин Остров;x
b_merlin_town;Город Мерлина;x
b_arwens_point;Мыс Арвен;x
d_redfort;Редфорт;x
c_redfort;Редфорт;x
b_redfort;Редфорт;x
b_horton;Хортон;x
b_daynsquarry;Дейнскворри;x
b_daynsfort;Дейнсфорт;x
b_redfort_sept;Редфорта;x
c_vales_plains;Долинные Равнины;x
b_vales_plains;Конец Долины;x
c_ruthermont;Резермонт;x
b_starfish_spire;Шпиль Морская Звезда;x
b_traddleton;Траддлтон;x
b_lambury;Ламбери;x
b_hethleham;Хетлхэм;x
d_wickenden;Викенден;x
c_wickenden;Викенден;x
b_wickenden;Крепость Викенден;x
b_candleton;Викенден;x
b_beesbury;Бисбери;x
b_wickenden_sept;Викендена;x
c_crabs_shore;Крабий Берег;x
b_artysfort;Артисфорт;x
b_shorston;Шорстон;x
b_shelton;Шелтон;x
c_ninestars;Девять Звезд;x
b_ninestars;Девять Звезд;x
b_barlebury;Барлбери;x
b_barleford;Барлбери;x
c_darkmoor;Камешек;x
b_burning_heath;Камешек;x
b_darkmoor;Камешек;x
b_timmeton;Тимметон;x
d_the_bite;Пасть;x
c_scorched_vale;Выжженная Долина;x
b_blackholm;Блэкхолм;x
b_alchebarge;Алхебарж;x
b_darkcroft;Дарккрофт;x
c_crows_barrens;Воронья Пустошь;x
b_stonekyme;Стоунким;x
b_potterby;Поттерби;x
b_rockle;Рокл;x
c_bitescar;Байтскар;x
b_bitescar;Байтскар;x
d_the_fingers;Персты;x
c_wycliffe;Уиклифф;x
b_scarle_keep;Крепость Скарл;x
b_wycliffe;Уиклифф;x
c_midlor_point;Мыс Мидлор;x
b_baelskeep;Бейлскип;x
b_midlor_town;Город Мидлор;x
c_falcons_finger;Соколиный Палец;x
b_falcons_finger;Соколиное Гнездо;x
c_sunset_keep;Крепость Восхода;x
b_sunset_keep;Крепость Восхода;x
b_moor_green;Зеленое Болото;x
b_sunset_keep_sept;Крепости Восхода;x
b_clifston;Клифстон;x
d_sevens_isles;Острова Семи;x
c_the_paps;Сосцы;x
b_elseham;Элсехем;x
b_twostone;Две Скалы;x
c_hull_cove;Бухта Остова;x
b_woodhull;Лесной Остов;x
c_pebble;Галечный;x
b_pebb;Пебб;x
k_iron_isles;Железные острова;x
k_iron_isles_adj;Железнорожденн;x
d_pyke;Пайк;x
c_pyke;Пайк;x
b_pyke;Пайк;x
b_seagrave;Сигрейв;x
b_brodsworth;Бродсворт;x
b_krakenrock;Скала Кракена;x
c_lordsport;Лордспорт;x
b_lordsport_keep;Лордспорта;x
b_lordsport;Лордспорт;x
b_axfirth;Аксферт;x
b_silver_cove;Серебрянная бухта;x
c_iron_holt;Железная Роща;x
b_iron_acton;Железная Роща;x
b_moonport;Лунный порт;x
d_saltcliffe;Соленый Утес;x
c_saltcliffe;Соленый Утес;x
b_salt_end;Соленый край;x
b_serpents_mouth;Змеиные уста;x
c_saltford;Соленый Брод;x
b_saltford_mbs;Соленый Брод;x
d_great_wyk;Большой Вик;x
c_hammerhorn;Хаммерхорн;x
b_hammerhorn;Хаммерхорн;x
b_galleywood;Вороний Шпиль;x
b_hornhaven;Сигнальная Гавань;x
b_hardstone_mbs;Гольцы;x
b_hammerhome_temple_mbs;Хаммергрейв;x
c_codd_hall;Коддхолл;x
b_codd_hall;Коддхолл;x
c_netcatch;Неткатч;x
b_netcatch;Неткатч;x
c_pebbleton;Пебблтон;x
b_pebbleton;Замок Пебблтон;x
b_fishbourne;Расселина;x
b_herringby;Пебблтон;x
b_sproutside;Спраутсайд;x
c_faroar_mbs;Фароар;x
b_faroar_mbs;Фароар;x
c_sealskin_point;Тюленья Шкура;x
b_sealskin_point;Тюленья Шкура;x
b_wynd_point;Виндпоинт;x
c_corpse_lake;Мертвое Озеро;x
b_ironmaker_mbs;Крепость Айронмейкеров;x
b_corpse_lake_mbs;Мертвое Озеро;x
c_hoare_castle;Замок Хоаров;x
b_hoare_castle_mbs;Замок Хоаров;x
b_hoareton_mbs;Чейнтон;x
b_hoaregrave_mbs;Блэкгрейв;x
b_hoare_soundship_mbs;Саундшип;x
d_seastone_isles;Черная Волна;x
c_blacktyde;Черная Волна;x
b_littleport;Замок Черная Волна;x
b_blackcove;Черная бухта;x
c_humble_hill;Хамблхилл;x
b_humble_hill;Хамблхилл;x
d_old_wyk;Старый Вик;x
c_old_wyk;Старый Вик;x
b_drumm_tower;Башня Драммов;x
b_naggas_hill;Холм Нагги;x
b_stoneton;Камнелом;x
b_seastone_point;Холм Морского камня;x
b_portbone;Порт Костей;x
c_stonehouse;Каменный Дом;x
b_stonehouse_mbs;Каменный Дом;x
d_harlaw;Харлоу;x
c_ten_towers;Десять Башен;x
b_ten_towers;Десять Башен;x
b_harlaw_hill;Харлоухолл;x
b_kinscythe;Кинсайт;x
b_harridan_hill;Ведьмин Холм;x
c_stonetree;Стоунтри;x
b_stonetree;Стоунтри;x
b_grey_cove;Серая бухта;x
c_shield_row;Стена Щитов;x
b_shield_row_mbs;Стена Щитов;x
c_hangmyre;Висельная Трясина;x
b_hangmyre_mbs;Висельная Трясина;x
c_grey_garden;Серый Сад;x
b_blackcage;Черная Клетка;x
b_grey_garden_mbs;Серый Сад;x
c_tower_of_glimmering;Башня Мерцания;x
b_sharp_hall;Шарпхолл;x
b_tower_of_glimmering_mbs;Башня Мерцания;x
c_volmark;Волмарк;x
b_volmark;Волмарк;x
b_great_harbour;Большая Гавань;x
d_orkmont;Оркмонт;x
c_orkmont;Оркмонт;x
b_orkwatch;Орквоч;x
b_blackblood;Чёрная Кровь;x
b_pinehole;Пайнхол;x
c_nettlemont;Неттлмонт;x
b_nettlebank;Крапивный Берег;x
d_lonely_light;Одинокий Свет;x
c_lonely_light;Одинокий Свет;x
b_lonely_light;Одинокий Свет;x
b_lonely_harbour;Одинокая Гавань;x
k_reach;Простор;x
k_reach_adj;Просторск;x
d_highgarden;Хайгарден;x
c_highgarden;Хайгарден;x
b_highgarden;Хайгарден;x
b_hazelton;Хейзелтон;x
b_rosebury;Роузбери;x
b_rose_sept;Хайгардена;x
b_honeydon;Ханидон;x
b_higharden_7_mbs;Залы Зеленорукого;x
c_knarsdale;Кнарсдейл;x
b_knarsdale;Кнарсдейл;x
c_everhold;Эверхолд;x
b_everhold;Эверхолд;x
c_middlebury;Миддлбери;x
b_windflower_keep;Крепость Цветущего Ветра;x
b_middlebury;Миддлбери;x
b_mayford;Мэйфорд;x
b_oldlands;Старые Земли;x
c_bardshome;Дом Бардов;x
b_congrove_hall;Конгроувхолл;x
b_hangleton;Ханглтон;x
b_brightling;Брайтлинг;x
d_mandermouth;Устье Мандера;x
c_thornton_hall;Торнтонхолл;x
b_thornton_hall;Торнтонхолл;x
c_highwood;Хайвуд;x
b_highwood;Высокий Лес;x
c_westbrook;Вестбрук;x
b_westbrook;Вестбрук;x
b_greenbarr;Гринбарр;x
b_smithshill;Смитсхилл;x
b_faircove;Светлая Пещера;x
c_smallwood;Смоллвуд;x
b_lordsmane;Лордсмейн;x
b_dunecross;Дюнкросс;x
b_pondersbridge;Мост размышлений;x
c_manderford;Мандерфорд;x
b_poolbrook;Пулбрук;x
b_nettleton;Неттлтон;x
b_trimpley;Тримпли;x
b_firemeadow;Огненный Луг;x
b_bournheath;Борнхит;x
d_oldtown;Старомест;x
c_oldtown;Высокая Башня;x
b_the_hightower;Хайтауэр;x
b_oldtown;Черная Крепость;x
b_mbs_oldtown_new;гавани Острова Битв;x
b_the_citadel;Цитадель;x
b_oldtown_seven_shrines;Седьмица;x
b_hapsford;Маяк Высокой Башни;x
b_sailors_sept;Портовая септа;x
b_oakmere;Хранилища Высокой Башни;x
c_starry_sept;Звездная септа;x
b_starry_sept;Звездная септа;x
b_oldtown_motherhouse;Материнский дом Староместа;x
b_starry_sept_1;Виневатс;x
c_oldtown_city;Город Старомест;x
b_oldtown_city_walls;Ворота Староместа;x
b_oldtown_city;Староместа;x
b_oldtown_ragpickers_wynd;улицы Старьевщиков;x
b_oldtown_thieves_market;Воровского рынка;x
b_oldtown_docklands;гавани Староместа;x
b_oldtown_sailors_sept;Порта;x
b_oldtown_guildhalls;строений гильдий Староместа;x
c_hammerton;Хаммертон;x
b_hammerton;Хаммертон;x
c_blackcrown;Чёрный Венец;x
b_blackcrown;Чёрный Венец;x
b_bullshead;Бычья Голова;x
b_seamer;Симер;x
b_sandybed;Сэндибед;x
b_seaborough;Сибороу;x
b_blackcrown_sept;Черного Венца;x
c_threetowers;Три Башни;x
b_three_towers;Три Башни;x
b_cosscliff;Коссклифф;x
b_oak_house;Дубовый Дом;x
b_poxwell;Поксвелл;x
b_winewall;Винная Стена;x
b_three_towers_sept;Трех Башен;x
c_uplands;Нагорье;x
b_uplands;Нагорье;x
b_mullhill;Холм размышлений;x
b_orangeford;Оранжфорд;x
b_ladyhall;Ледихолл;x
b_daresbury;Дерсбери;x
d_honeyholt;Медовая Роща;x
c_honeyholt;Медовая Роща;x
b_honeyholt;Медовая Роща;x
b_farrhive;Фаррхайв;x
b_honeybridge;Медовый мост;x
b_wineleaf;Винный Лист;x
b_cheddar;Чеддер;x
b_roseworth;Роузворт;x
b_honeyholt_sept;Медовой Рощи;x
c_hogs_head;Свиная Голова;x
b_hogs_head;Свиная Голова;x
b_hogs_mead;Хогсмид;x
c_cupcoast;Капкоуст;x
b_cupcoast;Каппорт;x
c_bandallon;Бандаллон;x
b_bandallon;Бандаллон;x
b_blackholt;Черная Роща;x
b_maple_end;Кленовый Край;x
b_steeple;Шпиль;x
b_perrygate;Перригейт;x
d_endcoast;Береговой Конец;x
c_sunhouse;Солнечный Дом;x
b_sunflower_hall;Солнечный Дом;x
b_sunhouse;Кью;x
b_high_goblet;Большой Кубок;x
b_fairlight;Ясный Огонь;x
b_sotherton;Созертон;x
b_summerseat;Летний трон;x
c_whisper_point;Шепотный Мыс;x
b_whisper_point;Мыс Шепчущего;x
c_the_ring;Звено;x
b_the_ring;Звено;x
b_roxbridge;Роксбридж;x
b_barleycross;Барликросс;x
b_sharoning_springs;Шаронинг-Спрингс;x
b_the_ring_sept;Звена;x
c_roddenkeep;Крепость Родденов;x
b_roddenkeep;Родденкип;x
d_the_arbor;Арбор;x
c_the_arbor;Арбор;x
b_the_arbor;Арбор;x
b_the_arbor_sept;Арбора;x
b_ryamsport;Раэмпорт;x
b_vinetown;Винный городок;x
b_starfish_harbour;Гавань Морской звезды;x
b_tisbury;Тисбери;x
b_east_orchard;Восточный Сад;x
c_stonecrab_cay;Каменный Краб;x
b_stonecrab_cay;Каменный Краб;x
c_wyne_isle;Винный Остров;x
b_wyne_hall;Вайнхолл;x
b_wyne_port;Вайнпорт;x
c_mermaids_palace;Дворец Русалки;x
b_mermaids_palace;Дворец Русалки;x
d_ocean_road;Океанская дорога;x
c_old_oak;Старый Дуб;x
b_old_oak;Старый Дуб;x
b_goldenleaf;Золотой Лист;x
b_flordon;Флордон;x
b_hemblington;Хемблингтон;x
b_nordelph;Нордельф;x
b_blackbird;Чёрный Дрозд;x
b_old_oak_sept;Старого Дуба;x
c_waxbay;Восковой Залив;x
b_browntoft;Браунтофт;x
c_catswold;Катсволд;x
b_the_brandyhouse;Брендихауз;x
b_cantsfield;Кантсфилд;x
b_chicklade;Чиклейд;x
c_frayneedle;Фрейнидл;x
b_frayneedle;Фрейнидл;x
d_red_lake;Алое Озеро;x
c_redwater;Алое Озеро;x
b_redwater_keep;Алое Озеро;x
b_red_lake;Красноводье;x
b_harvestpool;Урожайный пруд;x
b_idbury;Идбери;x
b_clearmeadow;Чистый луг;x
b_red_lake_sept;Алого Озера;x
c_redding_woods;Реддинг;x
b_redding_woods;Реддинг;x
c_risley_glade;Поляна Рисли;x
b_risley_glade;Поляна Рисли;x
b_lockeridge;Локеридж;x
b_old_catton;Олдкаттон;x
d_goldengrove;Золотая Роща;x
c_goldengrove;Золотая Роща;x
b_goldengrove;Золотая Роща;x
b_sparkleford;Сверкающий Брод;x
b_balmer_mill;Мельница Балмера;x
b_mapplepress;Мапплпресс;x
b_mundford;Мундфорд;x
b_summerdale;Летняя долина;x
b_goldengrove_sept;Золотой Рощи;x
c_gold_saw;Золотая Пила;x
b_gold_saw;Золотая Пила;x
c_smithyton;Смититон;x
b_smithyton;Смититон;x
b_coppercross;Медный Крест;x
b_lupinstone;Люпинстоун;x
b_stairfoot;Стейрфут;x
c_ivy_hall;Плющевой Чертог;x
b_ivy_hall;Плющевой Чертог;x
b_mallow_end;Край Мальвы;x
b_gatcombe;Гэткомб;x
b_stoford;Стофорд;x
c_mbs_iron_gate;Железные Ворота;x
b_mbs_iron_gate_keep;Железные Ворота;x
b_mbs_iron_gate_town;Рисгроув;x
b_mbs_iron_gate_3;Дубовые Ворота;x
b_mbs_iron_gate_4;Рыцарский луг;x
d_northmarch;Северная марка;x
c_coldmoat;Холодный Ров;x
b_coldmoat;Холодный Ров;x
b_webberton;Веббертон;x
b_horseshoe_hill;Подковный Холм;x
b_coldmoat_sept;Холодного Рва;x
c_leafy_lake;Лиственное Озеро;x
b_leafy_lake;Лиственное озеро;x
c_dosk;Даск;x
b_dosk;Даск;x
b_bulls_keep;Крепость Быка;x
b_brandybottom;Брендиботтом;x
b_nunny;Нанни;x
c_standfast;Оплот;x
b_standfast;Оплот;x
b_wats_wood;Уотсвуд;x
b_barndale;Барндейл;x
c_derring_downs;Дерринг;x
b_lonely_cave;Одинокая Пещера;x
b_hells_mouth;Устье Пекла;x
b_cobble_cover;Мощеный Двор;x
b_little_dosk;Малый Даск;x
d_torrentpeak;Водопадный Пик;x
c_wythers;Уитерс;x
b_bushy_hall;Бушихолл;x
b_knutston;Кнутстон;x
c_nateby;Нейтби;x
b_nateby;Нейтби;x
c_alden_keep;Алденкип;x
b_alden_keep;Алденкип;x
b_greenlanes;Зеленые тропы;x
b_dunsdown;Дансдаун;x
c_torrentpeak;Водопадный Пик;x
b_torrentpeak;Водопадный Пик;x
b_coltishall;Колтисхолл;x
b_melplash;Мэлплаш;x
b_burstock;Берсток;x
b_todber;Тодбер;x
d_tumbleton;Тамблтон;x
c_tumbleton;Тамблтон;x
b_footly_hall;Футлихолл;x
b_tumbleton;Тамблтон;x
b_littleton;Литтлтон;x
b_brockdish;Брокдиш;x
b_cornhill;Кукурузный Холм;x
b_tumbleton_sept;Тамблтона;x
c_knettishall;Нетишалл;x
b_knettishall;Кнеттисхолл;x
c_caltrop_hill;Холм Шипов;x
b_caltrop_hill;Шипастый Холм;x
c_harpshire;Харпшир;x
b_harp_hall;Харпхолл;x
b_goldlanes;Золотые тропы;x
b_turweston;Тюрвестон;x
b_ashendon;Эшендон;x
c_hammerhal;Хаммерхол;x
b_hammerhal;Хаммерхол;x
b_goldenrod;Золотой Посох;x
b_bootbridge;Бутбридж;x
b_wharfemeadows;Уорфмедоуз;x
d_roseroad;Дорога Роз;x
c_bitterbridge;Горький Мост;x
b_caswell_castle;Замок Касвелл;x
b_bitterbridge;Горький Мост;x
b_gedgrave;Джедгрейв;x
b_bittering;Биттеринг;x
b_mallowcastle;Замок Мальвы;x
b_bitterbridge_sept;Горького Моста;x
c_pads_rest;Приют Приливов;x
b_pads_rest;Приют Приливов;x
b_goodtown;Полные Глубины;x
c_cobblestone;Булыжник;x
b_cobblestone;Булыжник;x
c_darkdell;Темная Лощина;x
b_darkdell;Темная Лощина;x
b_wyvernston;Вивернстон;x
b_lilycreek;Залив Лилий;x
b_winkfield;Винкфилд;x
b_summerfield;Летнее поле;x
d_mandervale;Долина Мандер;x
c_cider_hall;Сидрхолл;x
b_cider_hall;Сидрхолл;x
b_redgrove;Алая Роща;x
b_pearford;Пирфорд;x
b_waypress;Уэйпресс;x
b_eldersfield;Элдерсфилд;x
b_blooming_rose;Цветущая Роза;x
b_cider_hall_sept;Сидрхолла;x
c_new_barrel;Новая Бочка;x
b_new_barrel;Новая Бочка;x
b_applesford;Эпплсфорд;x
b_fossberry;Фоссбери;x
b_chalgrove;Чалгроув;x
b_bushley;Бушли;x
b_nettleden;Неттлден;x
b_new_barrel_sept;Новой Бочки;x
b_dunstonbury;Данстонбери;x
c_appleton;Эпплтон;x
b_the_greygate;Серые Врата;x
b_appleton;Эпплтон;x
b_flatford;Флэтфорд;x
b_landwade;Лендвейд;x
b_appleacre;Яблочные земли;x
b_appleton_keep;Крепость Эпплтонов;x
c_bounty_hall;Чертог Дара;x
b_bounty_hall;Баунтихолл;x
b_leakton;Ликтон;x
c_hastwyck;Хаствик;x
b_olivepike;Оливпайк;x
b_hastwyck;Хаствик;x
b_earnley;Эрнли;x
b_nyewood;Найвуд;x
b_arborfield;Арборфилд;x
c_mbs_sweetmeadow;Сладкий луг;x
b_mbs_sweetmeadow_keep;Сладкий луг;x
b_mbs_sweetmeadow_town;Дубовая Роща;x
b_mbs_sweetmeadow_sept;Мудрецов;x
d_blueburn;Синий Ручей;x
c_leygood_keep;Крепость Лейгудов;x
b_leygood_keep;Крепость Лейгудов;x
b_bellcross_hill;Холм Белкросс;x
b_ambleton;Эмблтон;x
b_harvestway;Урожайная дорога;x
b_wellflower;Веллфлауэр;x
c_grassy_vale;Луговый Дол;x
b_grassy_vale;Луговина;x
b_bluebridge;Луговый Дол;x
b_threeflowers;Три Клумбы;x
b_apperly;Апперли;x
b_springmill;Весенняя мельница;x
b_grassy_vale_sept;Лугового Дола;x
c_roseford;Роузфорд;x
b_rosewatch;Дозор Роз;x
b_blackbridge;Чёрный Мост;x
b_boningale;Бонингейл;x
b_lilyhurst;Роща Лилий;x
b_rose_edge_field;Роузедж-Филд;x
c_longtable;Длинный Стол;x
b_longtable;Длинный Стол;x
b_hornbridge;Рогов мост;x
b_felbrigg;Фелбригг;x
b_fallmarsh;Фоллмарш;x
b_longtable_sept;Длинного Стола;x
d_the_shield_isles;Щитовые острова;x
c_greenshield;Зеленый Щит;x
b_chesterfield;Замок Зеленый Щит;x
b_greenwatch;Зеленый Дозор;x
b_hurl_harbour;Разваленная Гавань;x
b_shipton;Шиптон;x
b_cowlam;Коулам;x
c_greyshield;Серый Щит;x
b_grimstone;Гримстон;x
b_greywatch;Серый Дозор;x
b_shieldport;Щитовой порт;x
b_sailbrook;Сейлбрук;x
b_gardeners_green;Луга Гарднеров;x
c_oakenshield;Дубовый Щит;x
b_oak_castle;Замок Дубовый Щит;x
b_lord_hewetts_town;Город лорда Хьюэтта;x
b_oakenhaven;Дубовый Приют;x
b_brighstone;Светлый Камень;x
b_greenfield_b;Гринфилд;x
c_southshield;Южный Щит;x
b_south_castle;Замок Южный Щит;x
b_longwatch;Долгий Дозор;x
b_south_harbour;Южная Гавань;x
b_whiterose;Белая Роза;x
b_haselbury;Хейселбери;x
d_cockleswhent;Зыбкая;x
c_ashford;Эшфорд;x
b_ashford_castle;Замок Эшфорд;x
b_ashford;Эшфорд;x
b_whitecrest;Белый Гребень;x
b_bannisters_wood;Роща Баннистера;x
b_fernhill_heath;Пустошь Папоротника;x
b_orchard;Сад;x
b_ashford_sept;Эшфорда;x
b_peakesbridge;Мост Пиков;x
c_starpike;Звездный Пик;x
b_starpike;Звездный Пик;x
b_gormon_point;Пик Гормона;x
b_bingfield;Бингфилд;x
b_plenmeller_2;Пленмеллер;x
b_starpike_sept;Звездного Пика;x
c_yelshire;Йелшир;x
b_kine_moor;Белая Роща;x
b_cawthorne;Коуторн;x
b_wickersley;Викерсли;x
c_holyhall;Священный Чертог;x
b_holyhall;Священный Чертог;x
b_mothersford;Мазерсфорд;x
b_cowford;Кауфорд;x
b_point_farms;Хозяйства;x
b_holyhall_sept;Священного Чертога;x
d_brightwater;Ясноводье;x
c_brightwater;Ясноводье;x
b_brightwater_keep;Ясноводная крепость;x
b_brightwater;Ясноводье;x
b_bluerose;Голубая Роза;x
b_foxleyhead;Фокслихед;x
b_east_boldre;Истболдре;x
b_ravenfield;Воронье поле;x
b_brightwater_sept;Ясноводья;x
c_sharpheart;Острое Сердце;x
b_sharpheart;Острое Сердце;x
c_norcross;Норкросс;x
b_rush_hall;Рашхолл;x
b_norcross;Норкросс;x
b_paston;Пастон;x
b_watch_hill;Дозорный холм;x
c_dunnsbridge;Даннсбридж;x
b_mouthswatch;Маузвоч;x
b_dunnsbridge;Даннсбридж;x
b_rosemill;Роузмилл;x
b_mandercross;Перекресток Мандер;x
d_west_marches;Западная марка;x
c_horn_hill;Рогов Холм;x
b_horn_hill;Рогов Холм;x
b_redmonton;Редмонтон;x
b_stridergrove;Страйдергроув;x
b_chishill;Чисхилл;x
b_horn_hill_sept;Рогова Холма;x
c_inchfield;Инчфилд;x
b_inchbrook;Инчбрук;x
b_pitchford;Питчфорд;x
b_the_harebell;Колокольчик;x
b_sheriffhales;Шерифхейлс;x
c_fawn_crag;Фавнкрэг;x
b_fawn_crag;Фавнкрэг;x
b_prickwillow;Ивовый Шип;x
b_stuntney;Стантни;x
c_sommerset;Соммерсет;x
b_sommerset;Соммерсет;x
b_butcombe;Баткомб;x
b_roadwater;Водная дорога;x
c_hunt_hills;Охотничьи Холмы;x
b_lugwardine;Лугвардин;x
b_clehonger;Клехонгер;x
b_bartestree;Бартестри;x
k_dorne;Дорн;x
k_dorne_adj;Дорнийск;x
d_brokenarm;Перебитая Рука;x
c_sunspear;Солнечное Копье;x
b_speartower;Солнечное Копье;x
b_theshadowtown;Теневой Город;x
b_towerofthesun;Ковчег Песков;x
b_sunspear_sept;Солнечного Копья;x
b_threefoldgate;Тройные Ворота;x
b_oldpalace;Старый Дворец;x
c_water_gardens;Водные Сады;x
b_watergardens;Водные Сады;x
c_moonsand;Мунсэнд;x
b_greystoke;Серый Розжиг;x
c_plankytown;Дощатый Город;x
b_plankytown;Дощатый Город;x
b_longdike;Длинная Плотина;x
b_tribunal;Трибунал;x
b_plankytown_sept;Дощатого Города;x
b_deadglade;Мертвая Поляна;x
c_spotswood;Крапчатый Лес;x
b_spotswood;Крапчатый Лес;x
b_olivegrove;Оливковая роща;x
b_thornford;Торнфорд;x
b_whitecliff;Белый Утёс;x
d_lemonsand;Лемонсэнд;x
c_lemonwood;Лимонная Роща;x
b_lemonwood;Лимонная Роща;x
b_sourton;Соуртон;x
b_oldlordsmanor;Дворец Старых Лордов;x
b_millerstown;Город Мельников;x
c_last_port;Последний Порт;x
b_vipersnest;Змеиное Гнездо;x
c_rocks_post;Наскальный Пост;x
b_stinkwater;Стоячий Пруд;x
d_vaith;Вейт;x
c_godsgrace;Дар Богов;x
b_godsgrace;Дар Богов;x
b_rhoynestear;Слеза Ройны;x
b_santon;Сантон;x
b_dunstables;Данстейблс;x
b_waterfoot;Подножье Моря;x
b_orangewood;Апельсиновый лес;x
b_godsgrace_sept;Дара Богов;x
c_saltshore;Солёный берег;x
b_saltshore;Солёный берег;x
b_seacourt;Суд Моря;x
b_bayswater;Морской Залив;x
b_seashellshall;Чертог Морских раковин;x
b_saltmarket;Солёный рынок;x
b_saltshore_sept;Солёного Берега;x
c_reddunes;Красные Дюны;x
b_reddunes;Вейт;x
b_vaith;Край Дюн;x
b_holdbytheriver;Держатель-у-Реки;x
b_whiskerville;Вискервиль;x
b_ferry;Ферри;x
c_scorchedrock;Выжженная Скала;x
b_deserthearth;Сердце Пустыни;x
b_lastoasis;Последний Оазис;x
b_sandwall;Песчаная Стена;x
b_oldglory;Старая Слава;x
d_blackmont;Блэкмонт;x
c_blackmont;Блэкмонт;x
b_blackmont;Блэкмонт;x
b_oakwood;Дубрава;x
b_dusthall;Пыльный Чертог;x
b_allendale;Аллендейл;x
b_blackwell;Мрачный Источник;x
b_blackmont_sept;Блэкмонта;x
# b_gravesend;Грейвсенд;x
c_gravesend_valley;Могильник;x
b_gravesend_valley;Могильная Долина;x
c_the_nest;Гнездо;x
b_the_nest;Гнездо;x
d_ghastongrey;Серая Крепость;x
c_ghastongrey;Серая крепость;x
b_ghastongrey;Серая крепость;x
b_greyport;Серая гавань;x
d_ghosthills;Призрачные Холмы;x
c_thetor;Тор;x
b_thetor;Тор;x
b_thetor_sept;Тора;x
b_sandgate;Песчаные ворота;x
b_amber;Амбер;x
b_bushmills;Бушмиллс;x
b_sharkshore;Акулий берег;x
c_ghosthills;Призрачный Холм;x
b_ghosthill;Призрачный Холм;x
b_barrows;Курганы;x
b_sevengraces;Семь Благодатей;x
b_nymercairn;Нимеркаирн;x
b_hallsofthedead;Залы Мертвых;x
b_ghosthill_sept;Призрачного Холма;x
c_thescourge;Плеть;x
b_sunburst;Солнечная Вспышка;x
b_cronetower;Башня Старицы;x
b_scourgeford;Брод Плети;x
b_maidentower;Башня Девы;x
b_mothertower;Башня Матери;x
d_brimstone;Серноводная;x
c_hellholt;Адов Холм;x
b_hellholt;Адов Холм;x
b_brimstone;Серноводная;x
b_fiendshand;Адовы Врата;x
b_tidmarsh;Тидмарш;x
b_bloodbridge;Кровавый Мост;x
b_jackalsden;Логово Шакала;x
b_hellholt_sept;Адового Холма;x
c_greatdesert;Великая Пустыня;x
b_scimitar;Скимитар;x
b_sandford;Песчаный Брод;x
b_drywell;Высохший Колодец;x
c_sandstone;Песчаник;x
b_sandstone;Песчаник;x
b_shadysands;Тенистые Пески;x
b_vart;Варт;x
b_goodsprings;Большой Родник;x
b_thefallen;Падший;x
b_sandstone_sept;Песчаного Камня;x
d_redmountains;Быстроводная;x
c_starfall;Звездопад;x
b_starfall;Звездопад;x
b_palestonesword;Бледнокаменный Меч;x
b_wythmail;Висмейл;x
b_nightfall;Сумрак;x
b_longlake_2;Длинное Озеро;x
b_battlehill;Холм Битв;x
b_starfall_sept;Звездопада;x
c_highhermitage;Горный Приют;x
b_highhermitage;Горный Приют;x
b_sixhills;Шесть Холмов;x
b_blackadder;Черная Гадюка;x
b_highridge;Высокая Гряда;x
b_woolfair;Вулфейр;x
c_theelbow;Локоть;x
b_thelantern;Фонарь;x
b_southpoint;Южная точка;x
b_crossroads;Перекресток;x
b_brightkeep;Яркий Хранитель;x
b_lastsept;Последняя Септа;x
d_stoneway;Каменный путь;x
c_yronwood;Айронвуд;x
b_yronwood;Айронвуд;x
b_wateresmeet;Уотерсмит;x
b_yronwood_sept;Айронвуда;x
b_bushelfair;Бушельфейр;x
b_waywatcher;Сторожевой Путь;x
b_beerhall;Пивной Зал;x
c_stonegate;Каменные Ворота;x
b_stonegate;Каменные Ворота;x
c_nymerwell;Нимервелл;x
b_silentwatcher;Тихий Сторож;x
b_wellofnymeria;Колодец Нимерии;x
b_saltmines;Солёные Копи;x
b_dustyrock;Пыльная Скала;x
d_wyl;Виль;x
c_wyl;Виль;x
b_bonewaycastle;Виль;x
b_summerfair;Летняя Ярмарка;x
b_southmere;Саусмир;x
b_burntwoods;Сгоревший Лес;x
b_dusktower;Сумеречная Башня;x
b_boneway_sept;Костяного пути;x
c_vulturesroost;Уступ Стервятника;x
b_vulturesroost;Уступ Стервятника;x
b_stonebarrow;Каменный Курган;x
b_dedworth;Дедворт;x
b_hogfort;Хогфорт;x
b_dufftown;Даффтаун;x
b_vulture_blackmont;Башня Стервятника;x
c_boneway_mbs;Костяной Путь;x
b_boneway_mbs_keep;Крепость Костяного Пути;x
b_boneway_mbs_sept;Солнечная Тень;x
b_boneway_mbs_town;Воды Вилей;x
d_princespass;Принцев перевал;x
c_skyreach;Поднебесье;x
b_skyreach;Поднебесье;x
b_redmile;Редмайл;x
b_princessept;Принцева Септа;x
b_strawmarket;Строумаркет;x
b_falconhand;Рука Сокола;x
b_princespass_sept;Принцева перевала;x
c_princespass;Принцев перевал;x
b_towerofjoy;Башня Радости;x
b_reachgate;Ворота Простора;x
b_ortench;Ортенч;x
b_tattershall;Таттершолл;x
b_broadarch;Широкая Арка;x
c_kingsgrave;Королевская Гробница;x
b_kingsgrave;Королевская Гробница;x
b_littlemill;Литтлмилл;x
b_candlekeep;Кендлкип;x
b_deepcaves;Глубокие Пещеры;x
b_whitefalls;Уайтфоллс;x
k_stormlands;Штормовые земли;x
k_stormlands_adj;Штормов;x
d_shipbreaker;Залив Разбитых Кораблей;x
c_storms_end;Штормовой Предел;x
b_storms_end;Штормовой Предел;x
b_stagsden;Оленье Логово;x
b_storms_end_sept;Штормового Предела;x
b_storms_call;Штормовой Зов;x
b_childrens_of_storms;Дети Бури;x
c_storms_drum;Штормовой Барабан;x
b_storms_drum;Штормовой Барабан;x
c_childrens_fist;Кулак Детей;x
b_childrens_fist;Мыс Дюррана;x
c_galemont;Гейлмонт;x
b_galemont_fort;Гейлмонт;x
b_galemont_sept;Гейлмонта;x
b_farlam;Фарлам;x
c_parchments;Пергаменты;x
b_parchments;Пергаменты;x
b_oakenfield;Дубовое Поле;x
b_gilsland;Гилсленд;x
d_storm_straits;Штормовой Пролив;x
c_drakesgrave;Дрейксгрейв;x
b_drakesgrave;Дрейксгрейв;x
b_silversword;Серебряный Меч;x
b_tebay;Тибэй;x
c_kings_mountain_keep;Королевская Гора;x
b_kings_mountain_keep;Королевская Гора;x
c_eastreach;Истрич;x
b_glasswater_hall;Стекловодье;x
c_gallowsgrey;Серая Виселица;x
b_gallowsgrey;Серая Виселица;x
b_foes_end;Вражий Конец;x
b_saltwood;Соленый лес;x
d_griffins_roost;Грифонье Гнездо;x
c_griffins_roost;Грифонье Гнездо;x
b_griffins_roost;Грифонье Гнездо;x
b_conningtower;Башня Коннингтонов;x
b_griffins_roost_sept;Грифоньего Гнезда;x
b_blencow;Бленкау;x
b_middleshaw;Миддлшоу;x
c_wildmaw;Дикая Пасть;x
b_wildmaw;Дикая Пасть;x
c_adderdell;Гадючья Лощина;x
b_adderhall;Гадючья Лощина;x
b_antlercliff;Гадючий Утес;x
b_smardale;Смардейл;x
c_crows_nest;Воронье Гнездо;x
b_crows_nest;Воронье Гнездо;x
b_warfield;Поле Войны;x
b_greenflight;Гринфлайт;x
b_crows_nest_sept;Вороньего Гнезда;x
d_hayfield;Хейфилд;x
c_bronzegate;Бронзовые Врата;x
b_bronzegate;Бронзовые Врата;x
b_bucklerforge;Баклерфордж;x
b_bronze_sept;Бронзовых Врат;x
b_furnace_end;Ферненсенд;x
b_warkworth;Уокворт;x
c_felwood;Фелвуд;x
b_felwood;Фелвуд;x
b_brickendon;Брикендон;x
b_felwood_sept;Фелвуда;x
b_gaydon;Гейдон;x
c_broad_arch;Широкая Арка;x
b_broad_arch;Широкая Арка;x
b_overstone;Закаменье;x
b_warcop;Варкоп;x
c_haystack_hall;Стога Сена;x
b_haystack_hall;Стога Сена;x
b_reapers_rest;Отдых Жнеца;x
b_bayfield;Бэйфилд;x
b_haystack_sept;Стогов Сена;x
b_croglin;Кроглин;x
d_red_watch;Красный Дозор;x
c_stonehelm;Каменный Шлем;x
b_stonehelm;Каменный Шлем;x
b_swanport;Слейнмауз;x
b_stonehelm_sept;Каменного Шлема;x
b_twinflight;Твинфлайт;x
c_lonmouth;Лонмаут;x
b_lonmouth;Лонмаут;x
b_exhall;Эксхолл;x
c_lockport;Локпорт;x
b_herston_hall;Хорпхолл;x
b_lockport;Локпорт;x
b_merevale;Мирвейл;x
c_slaynemouth;Пасть Слейна;x
b_slaynemouth;Хранитель Слейна;x
b_slaynemouth1;Штормовый Дозор;x
c_greenpools;Зелёные Пруды;x
b_greenpools;Зеленые Пруды;x
d_tarth;Тартский пролив;x
c_tarth;Тарт;x
b_evenfall;Закатный;x
b_manning_hall;Мэннингхолл;x
b_tarth_sept;Тарта;x
b_sapphire_point;Сапфировый Мыс;x
b_lapworth;Лапворт;x
b_oldberrow;Олдберроу;x
c_darkfeather;Темное Перо;x
b_darkfeather;Темное Перо;x
c_windbells;Ветряные Колокола;x
b_northbell;Нортбелл;x
b_southbell;Саусбелл;x
c_morne;Морн;x
b_morne_mbs;Морн;x
b_morne_sept_mbs;Праведной Девы;x
b_morne_town_mbs;Солнечного Дозора;x
b_morne_new_mbs;Скорбь Галладона;x
d_summerhall;Летнее Поле;x
d_summerhall_adj;Летн;x
c_summerhall;Летний Замок;x
b_summerhall;Летний Замок;x
c_blackheart;Черная Пасть;x
b_blackheart;Черное Сердце;x
b_ravenglass;Рэйвенгласс;x
c_grandview;Грандвью;x
b_grandview;Грандвью;x
b_lions_rest;Львиное Лежбище;x
b_slumberhall;Дремучий Чертог;x
b_hightop;Хайтоп;x
b_grandview_sept;Грандвью;x
c_fawnton;Фонтон;x
b_fawnton;Фонтон;x
b_fawnton_sept;Фонтона;x
b_antlerden;Антлерден;x
c_hadlow_keep;Крепость Хэдлоу;x
b_hadlow_keep;Крепость Хэдлоу;x
b_foul_end;Фауленд;x
d_dornish_marches;Дорнийские марки;x
c_nightsong;Ночная Песнь;x
b_nightsong;Ночная Песнь;x
b_nightingale;Соловей;x
b_dusk_melody;Закатный Напев;x
b_nailstone;Нейлстоун;x
b_nightsong_sept;Ночной Песни;x
c_bonewatch;Бонвоч;x
b_bonewatch;Костяной Дозор;x
c_harvest_hall;Дом Урожая;x
b_harvest_hall;Дом Урожая;x
b_harvest_town;Урожайный город;x
b_bold_warrior;Дом Урожая;x
b_blindcrake;Блайндкрейк;x
c_poddingfield;Гороховое Поле;x
b_poddingfield;Гороховое Поле;x
b_peapod;Пипод;x
b_skirwith;Скирвит;x
c_blackhaven;Чёрный Приют;x
b_blackhaven;Чёрный Приют;x
b_purple_fields;Пурпурные луга;x
b_blackhaven_sept;Черного Приюта;x
b_longcroft;Лонгкрофт;x
d_rainwood;Дождливый Лес;x
c_rain_house;Дождливый Дом;x
b_rain_house;Дождливый Дом;x
b_maelstrom_watch;Страж Водоворота;x
b_mallowbeach;Берег Мальвы;x
b_rain_house_sept;Дождливого Дома;x
b_underbarrow;Подкурганье;x
c_rainwood;Дождливый Лес;x
b_rainwood;Дождливый Лес;x
b_oak_heights;Черная Трясина;x
b_rainwood_sept;Дождливого Леса;x
b_stagsfield;Оленье Поле;x
b_grinsdale;Гринсдейл;x
c_blue_grove;Синяя Роща;x
b_kellington_hall;Келлингтонхолл;x
b_haverigg;Хаверигг;x
c_brown_hill;Бурый Холм;x
b_brown_hill;Бурый Холм;x
c_amberly;Амберли;x
b_amberly;Амберли;x
b_fairhunt;Город Логруса;x
b_budbrooke;Бадбрук;x
d_turtle_shores;Черепашьи Берега;x
c_estermont;Эстермонт;x
b_greenstone;Зеленая Скала;x
b_estermont_sept;Эстермонта;x
b_turtlemont;Тертлмонт;x
b_greenodd;Гринодд;x
c_tudbury_hall;Тадберихолл;x
b_tudbury_hall;Тадберихолл;x
b_burleigh;Берли;x
b_cark;Карк;x
d_cape_wrath;Мыс Гнева;x
c_headleigh;Хэдли;x
b_headleigh;Хэдли;x
c_southfield;Южное Поле;x
b_arch_bay;Арочный Залив;x
b_oreport;Орпорт;x
c_mistwood;Туманный Лес;x
b_mistwood;Туманный Лес;x
b_blackpath;Темная Тропа;x
b_mistwood_sept;Туманного Леса;x
b_beckfoot;Бекфут;x
c_weeping_tower;Гневный городок;x
b_weeping_tower;Гневная башня;x
b_weeping_town;Гневный городок;x
b_wailing_keep;Стенающая крепость;x
b_glenridding;Гленриддинг;x
b_weeping_sept;Скорбящего городка;x
c_wrathrock;Гневная скала;x
b_wrathrock;Гневная скала;x
b_sunshore;Солнечный Берег;x
d_kingswood;Королевский Лес;x
c_nightpost;Ночной Пост;x
b_nightpost;Ночной Пост;x
c_fox_den;Лисье Логово;x
b_fox_den;Лисье Логово;x
c_greenwoods;Зеленые Рощи;x
b_woodfort;Вудфорт;x
c_tally_hill;Таллихилл;x
b_tally_hill;Таллипорт;x
k_westerlands;Западные земли;x
k_westerlands_adj;Западн;x
d_casterly_rock;Утес Кастерли;x
c_casterly_rock;Утес Кастерли;x
b_casterly_rock;Утес Кастерли;x
b_casterly_rocktown;Брайтволл;x
b_casterly_rocksept;Утеса Кастерли;x
c_heather_field;Хезерфилд;x
b_heather_field;Вересковое Поле;x
c_lannisport;Ланниспорт;x
b_lannisport;Ланнсхолл;x
b_lannisportone;Ланниспорт;x
b_lannisporttwo;Золотой Курган;x
b_lannisportthree;Золотая Лощина;x
b_lannisportsept;Ланниспорта;x
b_shawforth;Шоуфорт;x
b_horncliffe;Хорнклифф;x
b_lannisport_motherhouse;Верховный материнский дом Ланниспорта;x
c_fang_tower;Башня Клыка;x
b_fangtower;Башня Клыка;x
b_fangtowertown;Килнвик;x
b_fangtowertowntwo;Порт Клыка;x
b_fangtowersept;Семь Клыков;x
c_oxcross;Окскросс;x
b_oxcross;Оксфорт;x
b_oxcrosscastletwo;Окскросс;x
b_new_downs;Ньюдаунс;x
b_tendringsepttwo;Семь Колец;x
c_glitterdale;Глиттердейл;x
b_glitterdale;Глиттердейл;x
b_glitterdaletown;Голдвик;x
b_glitterdaletowntwo;Пчелиный городок;x
b_glitterdaletownthree;Нектар;x
b_pegswood;Пегсвуд;x
d_crakehall;Крейкхолл;x
c_crakehall;Крейкхолл;x
b_crakehall;Крейкхолл;x
b_crakehalltown;Энвиллс;x
b_crakehallsept;Крейкхолла;x
b_crakehalltownthree;Крейкпорт;x
b_brinscall;Бринсколл;x
c_chases_rest;Приют Беглеца;x
b_crakehalltowntwo;Чейзесрест;x
c_falwell;Фолвелл;x
b_falwell;Фолвелл;x
b_falwelltown;Дигсвелл;x
b_falwellsept;Фолвелла;x
b_falwelltowntwo;Флэнг;x
b_cloughfold;Клоуфорд;x
c_hawthorn;Хоторн;x
b_hawthorn;Хоторн;x
b_hawthorntown;Броутон;x
b_hawthorntowntwo;Травяной город;x
b_hawthornsept;Хоупхилл;x
b_bowgreave;Боугрив;x
c_greenmont;Гринмонт;x
b_greenmont;Гринмонт;x
b_greenmontcastletwo;Смоллмонт;x
b_greenmontcastletown;Синий город;x
d_kayce;Кайс;x
c_kayce;Кайс;x
b_kayce;Кайс;x
b_kaycetown;Мокбеггар;x
b_kaycesept;Кайса;x
b_kaycetowntwo;Кайс;x
b_parbold;Парболд;x
c_ryehill;Ржаной Холм;x
b_ryehill;Райхилл;x
c_feastfires;Пиршественные Огни;x
b_feastfires;Пиршественные Огни;x
b_lostock_hall;Лостокхолл;x
c_maunhill;Маунхилл;x
b_maunhill;Маунхилл;x
b_maunhilltown;Вестерпорт;x
b_maunhillsept;Герберт;x
b_maunhilltowntwo;Ланнспоинт;x
b_maunhilltownthree;Вестерхэм;x
d_ashemark;Эшмарк;x
c_ashemark;Эшмарк;x
b_ashemark;Эшмарк;x
b_ashemarktown;Чёрный Пёс;x
b_ashemarksept;Эшмарк;x
b_ashemarktowntwo;Эштон;x
b_broxfield;Броксфилд;x
c_mountains_horn;Горный Рог;x
b_mountains_horn;Горный Рог;x
c_thurrock;Туррок;x
b_thurrock;Туррок;x
b_thurrocktown;Смоллплейс;x
b_thurrocktowntwo;Оливиатон;x
b_blanchland;Бланчленд;x
c_goldengrass_hills;Золототравные Холмы;x
b_goldengrass_hills;Викарихолл;x
b_goldengrass_hills_temple;Золототравных Холмов;x
b_goldengrass_hills_2;Лайонхилл;x
c_brent_brook;Брентбрук;x
b_brent_brook;Брентбрук;x
b_brent_brooktown;Бруклин;x
b_retallack;Реталлак;x
c_red_hills;Красные Холмы;x
b_red_hills;Крепость Красных Холмов;x
b_red_hills_temple;Высокий Холм;x
b_red_hills_2;Высокий Дозор;x
d_golden_tooth;Золотой Зуб;x
c_golden_tooth;Золотой Зуб;x
b_golden_tooth;Золотой Зуб;x
b_golden_toothcastle;Зуб;x
b_golden_toothtown;Везучий городок;x
b_golden_toothsept;Золотой Зуб;x
b_tranwell;Транвелл;x
c_nunns_deep;Впадина Нанн;x
b_nunns_deep;Впадина Нанн;x
b_simonburn;Саймонберн;x
c_pendrick_hills;Холмы Пендрика;x
b_pendrick_hills;Холмы Пендрика;x
b_pendrick_hillstown;Мертвые Воды;x
b_pendrick_hillstowntwo;Борроуз;x
b_pendrick_hillssept;Семь Взоров;x
b_cinderhope;Чиндерхоуп;x
d_the_crag;Скала;x
c_the_crag;Скала;x
b_the_crag;Скала;x
b_the_cragsept;Скалы;x
b_the_cragtown;Бухта Скалы;x
b_plenmeller;Плэнмеллер;x
b_fearby;Фирби;x
c_rain_fort;Дождевой Форт;x
b_rain_fort;Дождливый Форт;x
c_banefort;Бейнфорт;x
b_banefort;Погибельная крепость;x
b_baneforttown;Голдпик;x
b_slaley;Слейли;x
c_kanet;Золотые Холмы;x
b_underhillcastle;Замок Андерхилл;x
b_underhilltown;Андерхилл;x
b_birdsedge;Бердседж;x
d_castamere;Кастамере;x
c_castamere;Кастамере;x
b_castamere;Кастамере;x
b_castameretown;Хидденборроу;x
b_castameresept;Кастамере;x
b_castameretowntwo;Кастамеретон;x
b_pickhill;Пикхилл;x
b_cubeck;Кьюбек;x
c_tarbeck_hall;Тарбекхолл;x
b_tarbeck_hall;Тарбекхолл;x
b_tarbeck_halltown;Древо Висельников;x
b_painshawfield;Пейншоуфилд;x
b_bramhope;Брэмхоуп;x
c_goldshire;Голдшир;x
b_goldshire;Голдшир;x
b_goldshiretown;Минтинг;x
b_goldshiretowntwo;Голдхилл;x
b_goldshiresept;Вествуд;x
b_phillack;Филлэк;x
c_tendring;Тендринг;x
b_tendring;Тендринг;x
b_tendringsept;Солнечное Пятно;x
b_tendringtownone;Серебряный ручей;x
c_sarsfield;Сарсфилд;x
b_sarsfield;Сарсфилд;x
b_sarsfieldtown;Милденхолл;x
b_sarsfieldsept;Сарсфилд;x
b_sarsfieldtowntwo;Сарсборроу;x
b_longdowns;Лонгдаунс;x
d_hornvale;Хорнваль;x
c_hornvale;Хорнваль;x
b_hornvale;Хорнваль;x
b_hornvaletown;Лэйкенхит;x
b_hornvaletowntwo;Хорграсп;x
b_hornvale_sept;Хорнваля;x
b_helstone;Хельстоун;x
c_wyndhall;Виндхолл;x
b_wyndhall;Виндхолл;x
b_wyndhalltown;Тирингэм;x
b_wyndhallsept;Виндхолла;x
b_chollerford;Чоллерфорд;x
c_westford_mbs;Западный Брод;x
b_westford_mbs;Западный Брод;x
b_westford_mbs_village;Стремительный Брод;x
b_westford_mbs_3;Восточный Брод;x
c_moreland;Морленд;x
b_moreland_keep;Крепость Морленд;x
b_moreland;Морленд;x
b_kexby;Кексби;x
d_silverhill;Серебряный Холм;x
c_silverhill;Серебряный Холм;x
b_silverhill;Серебряный Холм;x
b_silverhillcastletwo;Вьюпоинт;x
b_silverhilltown;Саусери;x
b_silverhillsept;Серебряного Холма;x
b_malpas;Мальпас;x
c_bellbreak;Беллбрейк;x
b_deep_dencastletwo;Глубокий Замок;x
c_myatt;Маятт;x
b_myatt;Маятт;x
b_myatttown;Маяттон;x
b_myattsept;Маятта;x
b_myatttowntwo;Винкертон;x
c_redbramble;Красный Терновник;x
b_redbramble;Красный Терновник;x
b_redbrambletown;Маленький Порт;x
b_redbramblesept;Вандерс;x
b_lanlivery;Ленливери;x
d_goldroad;Золотая Дорога;x
c_deep_den;Глубокая Нора;x
b_deep_den;Глубокая Нора;x
b_deep_dentown;Киворт;x
b_deep_den_sept;Глубокой Норы;x
b_long_rock;Лонгрок;x
c_peckledon;Пеклдон;x
b_peckledon;Пеклдон;x
b_peckledontown;Город Пекл;x
b_peckledontowntwo;Бриксворт;x
b_peckledonsept;Западные Рубежи;x
b_peckledon_sept;Пеклдона;x
b_silverwell;Сильвервелл;x
c_payne_hall;Пейнхолл;x
b_payne_hall;Пейнхолл;x
b_payne_halltown;Пять Вершин;x
b_payne_halltowntwo;Город Седрика;x
b_payne_hallsept;Пейхолла;x
b_summercourt;Саммеркорт;x
c_drox_castle;Замок Дрокс;x
b_drox_castle;Замок Дрокс;x
b_drox_castletwo;Добрые Ворота;x
b_drox_castletown;Плохие Ворота;x
b_drox_castlesept;Благодатный Холм;x
c_riverspring;Ключи;x
b_riverspring;Ключи;x
b_halton;Халтон;x
b_sowerby;Сауэрби;x
b_underwood;Андервуд;x
b_riverspring_sept;Ключей;x
d_cornfield;Корнфилд;x
c_greenfield;Гринфилд;x
b_greenfield;Гринфилд;x
b_greenfieldtown;Кимптон;x
b_greenfieldtowntwo;Филдсвью;x
b_greenfieldsept;Хемпстед;x
b_threemilestone;Тримайлстоун;x
c_mightyard;Майтъярд;x
b_tendringtowntwo;Золотой Луг;x
c_cornfield;Корнфилд;x
b_cornfield;Корнфилд;x
b_cornfieldtown;Клэйверинг;x
b_cornfieldtowntwo;Малбартон;x
b_cornfieldsept;Корнфилд;x
b_slaughterbridge;Слотербридж;x
c_lonmont;Лонмонт;x
b_lonmont;Лонмонт;x
b_lonmonttown;Прент;x
b_lonmontsept;Милость Строителя;x
d_fair_isle;Светлый Остров;x
c_fair_isle;Светлый Остров;x
b_fair_isle;Светлый Замок;x
b_fair_isletown;Вествуд;x
b_fair_isle_sept;Светлого Острова;x
b_gisburn;Гисбурн;x
c_shipswatch;Шипсвоч;x
b_fair_keep;Корабельный Дозор;x
k_mountain_clans;Горные Кланы;x
k_mountain_clans_adj;Горнокланов;x
d_black_ears;Черноухие;x
d_burned_men;Обгорелые;x
d_milk_snakes;Молочные змеи;x
d_moon_brothers;Лунные Братья;x
d_painted_dogs;Раскрашенные Псы;x
d_sons_of_the_mist;Сыновья мглы;x
d_stone_crows;Каменные Вороны;x
d_sons_of_the_tree;Сыны Древ;x
d_howlers;Ревуны;x
d_redsmiths;Багровые Кузнецы;x
c_thenn_rel;Тенн;x
k_beyond_wall;За Стеной;x
d_milkwater;Молочная;x
c_fot_first_men;Кулак Первых Людей;x
b_the_fist;Кулак Первых Людей;x
b_the_fist_temple;Кулак Первых Людей;x
c_crasters_keep;Зимний Замок;x
b_crasters_keep;Зимний Замок;x
c_whitetree;Белое Древо;x
b_whitewatch;Белый Дозор;x
b_whitetree;Белое Древо;x
b_first_hearth;Первый Очаг;x
d_hardhome;Суровый дом;x
c_hardhome;Суровый Дом;x
b_storrolds_point;Мыс Сторролда;x
b_hardhome;Суровый Дом;x
b_wightward;Палаты Духов;x
b_storrolds_keep;Замок Сторролда;x
b_hardhome_city;Суровый Дом;x
c_first_forest;Первейший лес;x
b_firsthill;Первейшая гора;x
b_firsthome;Первый дом;x
d_shivering_shore;Земли Иных;x
c_shivering_forest;Дрожащий Лес;x
b_shivering_grove;Дрожащая Роща;x
b_shivering_thatch;Дрожащий Камыш;x
c_free_vale;Вольная Долина;x
b_free_grove;Вольная Роща;x
b_borderhold;Пограничье;x
d_haunted_forest;Зачарованный Лес;x
c_haunted_forest;Зачарованный Лес;x
b_haunted_keep;Зачарованная Крепость;x
b_old_weirgrove;Старая роща чардрев;x
c_antler_vale;Долина Оленьего Рога;x
b_antler_fork;Развилка Оленьего рога;x
b_wightgrove;Белая Роща;x
c_night_valleys;Ночные Долины;x
b_nighthold;Ночные Земли;x
b_nightwatch;Ночной Дозор;x
d_lower_frostfangs;Подножья Клыков Мороза;x
c_c_frostfangs;Центр Клыков мороза;x
b_giants_stair;Двузубая;x
b_forktop_rest;Приют Двузубой;x
c_the_gorge;Теснина;x
b_ruddy_hall;Красные Палаты;x
b_bearview;Медвежий Взор;x
c_spring_caves;Пещеры Ключей;x
b_warm_water;Теплые Воды;x
b_rockhome;Рокхом;x
d_upper_frostfangs;Вершины Клыков Мороза;x
c_n_frostfangs;Морозные пещеры;x
b_forktop_point;Зубчатая Вершина;x
c_the_giants_stairs;Лестница Великанов;x
b_gianthold;Земли Великанов;x
c_skirling_pass;Воющий перевал;x
b_skirling_watch;Воющий Дозор;x
b_keening_arch;Резкая Арка;x
b_deepvalley;Глубокая Долина;x
d_thenn;Тенн;x
c_thenn;Тенния;x
b_thenn;Тенния;x
b_northdown;Северная Низина;x
d_lakelands;Озерные земли;x
c_ice_bones;Ледяные Кости;x
b_snowtop;Сноутоп;x
b_frozenlakes;Замерзшие Озера;x
c_coldgraves;Стылые Могилы;x
b_lastmanskeep;Крепость Последнего;x
b_smallice;Малый Лед;x
c_snowblood;Снежная Кровь;x
b_icepoint;Айспоинт;x
b_forestedge;Форестедж;x
c_winters_hold;Винтерхолд;x
b_ends_water;Конечные Воды;x
b_icebay;Ледяной Залив;x
d_frozen_shore;Стылый Берег;x
c_frozen_shore;Стылый Берег;x
b_icehome;Ледовый Дом;x
c_ice_bay_shore;Побережье Ледового Залива;x
b_iceguard;Ледяная Стража;x
b_baypoint;Заливной Мыс;x
d_ice_rivers;Ледяная река;x
c_great_ice_river;Великая ледяная река;x
b_ice_camp;Ледовый лагерь;x
b_icecross;Ледовый перекрёсток;x
c_the_west_shelf;Западный уступ;x
b_west_camp;Западный лагерь;x
c_snow_slope;Снежный Склон;x
b_snow_slope;Снежный Склон;x
d_giants_isle;Остров Великанов;x
c_giants_isle;Остров Великанов;x
b_giants_den;Логово Великана;x
d_rhllor;Рглор;x
c_fiery_hand;Огненая Рука;x
d_bearded_priests;Бородатые жрецы;x
d_faceless_men;Безликие;x
c_ibben_rel;Иббен;x
e_aurions_host;Валирия;x
e_aurions_host_adj;Валирийск;x
k_stepstones;Ступени;x
d_central_stepstones;Центральные ступени;x
c_bloodstone;Кровавый Камень;x
b_bloodstone;Кровавый Камень;x
c_wreckstone;Обломанный Камень;x
b_wreckstone;Обломанный Камень;x
d_western_stepstones;Западные ступени;x
c_sunstone;Солнечный Камень;x
b_sunstone;Солнечный Камень;x
c_shameisle;Остров Позора;x
b_shameisle;Остров Позора;x
c_dwarfstone;Карликовый Камень;x
b_dwarfstone;Карликовый Камень;x
d_northern_stepstones;Северные ступени;x
c_darkden;Темное Логово;x
b_darkden;Темное Логово;x
c_theskulls;Черепа;x
b_theskulls;Черепа;x
c_fishskins;Рыбьи Шкуры;x
b_fishskins;Рыбьи Шкуры;x
d_eastern_stepstones;Восточные Ступени;x
c_dim_cove;Туманная Бухта;x
b_dim_cove;Туманная Бухта;x
c_torturersdeep;Пыточная Глубь;x
b_torturersdeep;Пыточная Глубь;x
c_lastrefuge;Последнее Убежище;x
b_lastrefuge;Последнее Убежище;x
d_southern_stepstones;Южные ступени;x
c_greygallows;Серая Петля;x
b_greygallows;Серая Петля;x
c_last_lamp;Последний Фонарь;x
b_last_lamp;Последний Фонарь;x
c_southstone;Южный Камень;x
b_southstone;Южный Камень;x
e_new_valyria;Новая Валирия;x
e_new_valyria_adj;Валирийск;x
k_valyria;Валирия;x
k_valyria_adj;Валирийск;x
d_valyria;Валирия;x
d_valyria_adj;Валирийск;x
c_valyria;Валирия;x
b_valyria;Валирия;x
b_valyria2;Валирия;x
b_valyria3;Валирия;x
b_mandios;Мандиос;x
b_skoryia;Скораия;x
b_biarvys;Биарвис;x
b_verdagos;Вердагос;x
c_dragonfields;Драконьи поля;x
b_dragonfields;Драконьи поля;x
b_dragonfields2;Драконьи поля;x
b_dragonfields3;Драконьи поля;x
c_the_hills_of_nolos;Холмы Нолоса;x
b_the_hills_of_nolos;Холмы Нолоса;x
b_the_hills_of_nolos2;Холмы Нолоса;x
b_the_hills_of_nolos3;Холмы Нолоса;x
c_iedrarys;Ледрарис;x
b_iedrarys;Ледрарис;x
b_iedrarys2;Ледрарис;x
b_iedrarys3;Ледрарис;x
c_molrys;Молрис;x
b_molrys;Молрис;x
b_molrys2;Молрис;x
b_molrys3;Молрис;x
d_gelios;Гелиос;x
d_gelios_adj;Гелиосийск;x
c_gelios;Гелиос;x
b_gelios;Гелиос;x
b_gelios2;Гелиос;x
b_gelios3;Гелиос;x
b_byria;Бирия;x
b_vilibos;Вилибос;x
c_ilvonys;Илвонис;x
b_ilvonys;Илвонис;x
b_ilvonys2;Илвонис;x
b_ilvonys3;Илвонис;x
c_vestperzys;Вестперзис;x
b_vestperzys;Вестперзис;x
b_vestperzys2;Вестперзис;x
b_vestperzys3;Вестперзис;x
d_urnebyria;Урнебирия;x
c_urnebyria;Урнебирия;x
b_urnebyria;Урнебирия;x
b_urnebyria2;Урнебирия;x
b_urnebyria3;Урнебирия;x
b_urlyria;Урлирия;x
b_urlyria2;Урлирия;x
c_dromon_hill;Холм Дромона;x
b_dromon_hill;Холм Дромона;x
b_dromon_hill2;Холм Дромона;x
b_dromon_hill3;Холм Дромона;x
c_bane_road;Проклятый путь;x
b_bane_road;Проклятый путь;x
b_bane_road2;Проклятый путь;x
b_bane_road3;Проклятый путь;x
d_tyria;Тирия;x
d_tyria_adj;Тирийск;x
c_tyria;Тирия;x
b_tyria;Тирия;x
b_tyria2;Тирия;x
b_tyria3;Тирия;x
b_guesin;Гуэсин;x
b_havonys;Хавонис;x
c_blenon_way;Дорога Бленона;x
b_blenon_way;Дорога Бленона;x
b_blenon_way2;Дорога Бленона;x
b_blenon_way3;Дорога Бленона;x
c_tikunemio;Тикунемио;x
b_tikunemio;Тикунемио;x
b_tikunemio2;Тикунемио;x
b_tikunemio3;Тикунемио;x
d_elieperzys;Элиэперзис;x
c_elieperzys;Элиэперзис;x
b_elieperzys;Элиэперзис;x
b_elieperzys2;Элиэперзис;x
b_elieperzys3;Элиэперзис;x
b_elieyria;Элейрия;x
b_elieyria2;Элейрия;x
c_izulaperzys;Изулаперзис;x
b_izulaperzys;Изулаперзис;x
b_izulaperzys2;Изулаперзис;x
b_izulaperzys3;Изулаперзис;x
c_fire_isle;Огненный Остров;x
b_fire_isle;Огненный Остров;x
b_fire_isle2;Огненный Остров;x
b_fire_isle3;Огненный Остров;x
c_fire_road;Огненная Дорога;x
b_fire_road;Огненная Дорога;x
b_fire_road2;Огненная Дорога;x
b_fire_road3;Огненная Дорога;x
d_perzyria;Миса Фаэр;x
d_perzyria_adj;Миса Фаэр;x
c_perzyria;Миса Фаэр;x
b_perzyria;Миса Фаэр;x
b_perzyria2;Миса Фаэр;x
b_perzyria3;Миса Фаэр;x
b_mazoros;Мазорос;x
b_prubryia;Прубраия;x
c_port_vaedar;Порт Вейдар;x
b_port_vaedar;Порт Вейдар;x
b_port_vaedar2;Порт Вейдар;x
b_port_vaedar3;Порт Вейдар;x
c_raqiros;Ракирос;x
b_raqiros;Ракирос;x
b_raqiros2;Ракирос;x
b_raqiros3;Ракирос;x
c_kastaryia;Кастараия;x
b_kastaryia;Кастараия;x
b_kastaryia2;Кастараия;x
b_kastaryia3;Кастараия;x
c_lentun;Лентун;x
b_lentun;Лентун;x
b_lentun2;Лентун;x
b_lentun3;Лентун;x
d_drakaria;Аквос Даэн;x
d_drakaria_adj;Аквос Даэн;x
c_drakaria;Аквос Даэн;x
b_drakaria;Аквос Даэн;x
b_drakaria2;Аквос Даэн;x
b_drakaria3;Аквос Даэн;x
b_jevas;Джевас;x
b_gerontys;Геронтис;x
c_ruklonos;Руклонос;x
b_ruklonos;Руклонос;x
b_ruklonos2;Руклонос;x
b_ruklonos3;Руклонос;x
c_qrimbroz;Кримброз;x
b_qrimbroz;Кримброз;x
b_qrimbroz2;Кримброз;x
b_qrimbroz3;Кримброз;x
d_egrys;Эгрис;x
d_egrys_adj;Эгрисийск;x
c_egrys;Эгрис;x
b_egrys;Эгрис;x
b_egrys2;Эгрис;x
b_egrys3;Эгрис;x
c_pyrys;Пирис;x
b_pyrys;Пирис;x
b_pyrys2;Пирис;x
b_pyrys3;Пирис;x
c_bianoros;Бианорос;x
b_bianoros;Бианорос;x
b_bianoros2;Бианорос;x
b_bianoros3;Бианорос;x
c_elenar_coast;Побережье Эленара;x
b_elenar_coast;Побережье Эленара;x
b_elenar_coast2;Побережье Эленара;x
b_elenar_coast3;Побережье Эленара;x
c_the_marble_pass;Мраморный перевал;x
b_the_marble_pass;Мраморный перевал;x
b_the_marble_pass2;Мраморный перевал;x
b_the_marble_pass3;Мраморный перевал;x
k_long_summer;Край Долгого Лета;x
k_long_summer_adj;Долголетск;x
d_oros;Орос;x
d_oros_adj;Оросийск;x
c_oros;Орос;x
b_oros;Орос;x
b_oros2;Орос;x
b_oros3;Орос;x
b_syndor;Синдор;x
b_bisyria;Бисайрия;x
c_daervos;Дейрвос;x
b_daervos;Дейрвос;x
b_daervos2;Дейрвос;x
b_daervos3;Дейрвос;x
c_yghos;Игхос;x
b_yghos;Игхос;x
b_yghos2;Игхос;x
b_yghos3;Игхос;x
c_gelenka_valleys;Гельненские долины;x
b_gelenka_valleys;Гельненские долины;x
b_gelenka_valleys2;Гельненские долины;x
b_gelenka_valleys3;Гельненские долины;x
d_aeksios;Риос;x
d_aeksios_adj;Риосийск;x
c_aeksios;Риос;x
b_aeksios;Риос;x
b_aeksios2;Риос;x
b_aeksios3;Риос;x
c_telyria;Телирия;x
c_telyria_adj;Телирийск;x
b_telyria;Телирия;x
b_telyriacastle;Телирия;x
b_telyriatemple;Телирия;x
c_port_orbar;Порт Орбар;x
b_port_orbar;Порт Орбар;x
b_port_orbar2;Порт Орбар;x
b_port_orbar3;Порт Орбар;x
c_urneb_shore;Урнеб-Шор;x
b_urneb_shore;Урнеб-Шор;x
b_urneb_shore2;Урнеб-Шор;x
b_urneb_shore3;Урнеб-Шор;x
c_nuqiria;Нукирия;x
b_nuqiria;Нукирия;x
b_nuqiria2;Нукирия;x
b_nuqiria3;Нукирия;x
d_jaedos;Джейдос;x
c_jaedos;Джейдос;x
b_jaedos;Джейдос;x
b_jaedos2;Джейдос;x
b_jaedos3;Джейдос;x
c_otor_lands;Земли Отора;x
b_otor_lands;Земли Отора;x
b_otor_lands2;Земли Отора;x
b_otor_lands3;Земли Отора;x
c_long_summer_way;Дорога Долгого Лета;x
b_long_summer_way;Дорога Долгого Лета;x
b_long_summer_way2;Дорога Долгого Лета;x
b_long_summer_way3;Дорога Долгого Лета;x
c_lopor_cove;Бухта Лопора;x
b_lopor_cove;Бухта Лопора;x
b_lopor_cove2;Бухта Лопора;x
b_lopor_cove3;Бухта Лопора;x
c_mentis;Ментис;x
b_mentis;Ментис;x
b_mentis2;Ментис;x
b_mentis3;Ментис;x
d_port_of_sighs;Порт Вздохов;x
d_port_of_sighs_adj;Порт Вздохов;x
c_port_of_sighs;Порт Вздохов;x
b_port_of_sighs;Порт Вздохов;x
b_port_of_sighs2;Порт Вздохов;x
b_port_of_sighs3;Порт Вздохов;x
c_zoklos;Зоклос;x
b_zoklos;Зоклос;x
b_zoklos2;Зоклос;x
b_zoklos3;Зоклос;x
c_melior_march;Путь Мелиора;x
b_melior_march;Путь Мелиора;x
b_melior_march2;Путь Мелиора;x
b_melior_march3;Путь Мелиора;x
k_pentos;Пентос;x
k_pentos_adj;Пентосийск;x
d_prince_pentos;Пентос;x
d_prince_pentos_adj;Пентосийск;x
d_pentos;Пентос;x
d_pentos_adj;Пентосийск;x
c_pentos;Пентос;x
b_pentos;Пентос;x
b_princespalace;Дворец Принца;x
b_pentosharbor;Гавань Пентоса;x
b_spicertowers;Башни Специй;x
b_sunrisegate;Восточные Врата;x
b_redtemplepentos;Пентос;x
b_olynos;Олинос;x
c_sunriseroad;Восточный путь;x
b_sunriseroad_castle;Восточный путь;x
b_sunriseroad;Восточный путь;x
b_sunriseroad_temple;Восточный путь;x
c_thegreatarm;Великая Рука;x
b_thegreatarm;Великая Рука;x
b_thegreatarm_castle;Великая Рука;x
b_thegreatarm_temple;Великая Рука;x
c_princesshore;Побережье Принца;x
b_princesshore;Побережье Принца;x
b_princesshore_castle;Башня Принца;x
b_princesshore_temple;Побережье Принца;x
c_berylos;Берилос;x
b_berylos_castle;Берилос;x
b_berylos;Берилос;x
b_berylos_temple;Берилос;x
d_velvet_hills;Бархатные Холмы;x
c_velvetmarch;Бархатный Путь;x
b_velvetmarch_castle;Бархатный Путь;x
b_velvetmarch;Бархатный Путь;x
b_velvetmarch_temple;Бархатный Путь;x
c_velvetpeak;Бархатный Пик;x
b_velvetpeak_castle;Бархатный Пик;x
b_velvetpeak;Бархатный Пик;x
b_velvetpeak_temple;Бархатный Пик;x
c_fareyes;Далекие Очи;x
b_fareyes_castle;Далекие Очи;x
b_fareyes;Далекие Очи;x
b_fareyes_temple;Далекие Очи;x
c_ghoyan_drohe;Гойан Дроэ;x
b_ghoyan_castle;Замок Гойан;x
b_ghoyan_drohe;Гойан Дроэ;x
b_ghoyan_drohe_temple;Гойан Дроэ;x
b_sar_moyhan;Сар Мойан;x
b_gholuru;Голхуру;x
c_littlerhoyne;Малая Ройна;x
b_littlerhoyne_castle;Малая Ройна;x
b_littlerhoyne;Малая Ройна;x
b_littlerhoyne_temple;Малая Ройна;x
d_pentoshi_flatlands;Равнины Пентоса;x
c_amenos;Аменос;x
b_amenos;Аменос;x
b_amenos_castle;Аменос;x
b_amenos_temple;Аменос;x
c_arkon;Ар Кон;x
b_arkon;Ар Кон;x
b_arkon_castle;Ар Кон;x
b_arkon_temple;Ар Кон;x
c_lakeofmyrth;Миртское озеро;x
b_lakeofmyrth_castle;Миртское озеро;x
b_lakeofmyrth;Миртское озеро;x
b_lakeofmyrth_temple;Миртское озеро;x
d_nontelos;Нонтелос;x
c_nontelos;Нонтелос;x
b_nontelos;Нонтелос;x
b_nontelos_castle;Нонтелос;x
b_nontelos_temple;Нонтелос;x
c_samal;Самал;x
b_samal_castle;Самал;x
b_samal;Самал;x
b_samal_temple;Самал;x
c_mylonos;Милонос;x
b_mylonos_castle;Милонос;x
b_mylonos;Милонос;x
b_mylonos_temple;Милонос;x
k_lys;Лис;x
k_lys_adj;Лисенийск;x
d_lys;Лис;x
c_lys;Лис;x
b_lys;Лис;x
b_lyseneharbor;Гавань Лиса;x
b_pleasuregardens;Сады Удовольствий Лиса;x
b_redtemplelys;Лис;x
b_tear_tower;Башня Слезы;x
b_numys;Нумис;x
b_lentorys;Ленторис;x
c_dyrenohill;Холм Дирено;x
b_dyrenohill;Холм Дирено;x
b_dyrenohill_castle;Холм Дирено;x
b_dyrenohill_temple;Холм Дирено;x
c_lyseneforest;Моргош;x
b_lyseneforest;Моргош;x
b_lyseneforest_castle;Моргош;x
b_lyseneforest_temple;Моргош;x
d_lysene_disputed_lands;Лисенийские спорные земли;x
c_disputedforest;Спорный Лес;x
b_disputedforest;Спорный Лес;x
b_disputedforest_castle;Спорный Лес;x
b_disputedforest_temple;Спорный Лес;x
c_mesylosh;Месилош;x
b_mesylosh;Месилош;x
b_mesylosh_castle;Месилош;x
b_mesylosh_temple;Месилош;x
c_silkhead;Шелковая Голова;x
b_silkhead;Шелковая Голова;x
b_silkhead_castle;Шелковая Голова;x
b_silkhead_temple;Шелковая Голова;x
k_qohor;Квохор;x
k_qohor_adj;Квохорск;x
d_qohor;Квохор;x
d_qohor_adj;Квохорск;x
c_qohor;Квохор;x
b_qohor;Квохор;x
b_qohorwalls;Стены Квохора;x
b_smiths_port;Кузнечий порт;x
b_city_guard;Городская стража;x
b_templeblackgoat;Чёрный Козел;x
b_goat_tower;Башня Козла;x
b_qovaros;Коварос;x
c_qhoyne;Койна;x
b_qhoyne;Койна;x
b_qhoyne_castle;Койна;x
b_qhoyne_temple;Койна;x
d_northern_forest_qohor;Квохорские леса;x
c_satholik;Сатолик;x
b_satholik_castle;Сатолик;x
b_satholik;Сатолик;x
b_satholik_temple;Сатолик;x
c_qohorikcoast;Хобрет;x
b_qohorikcoast;Хобрет;x
b_qohorikcoast_castle;Хобрет;x
b_qohorikcoast_temple;Хобрет;x
c_goatwood;Козлиный лес;x
b_goatwood;Козлиный лес;x
b_goatwood_castle;Козлиный лес;x
b_goatwood_temple;Козлиный лес;x
d_southern_forest_qohor;Южный лес;x
c_qovosar;Козлиное древо;x
b_qovosar_castle;Квовосар;x
b_qovosar;Квовосар;x
b_qovosar_temple;Квовосар;x
c_deepforest;Густой Лес;x
b_deepforest;Густой Лес;x
b_deepforest_castle;Густой Лес;x
b_deepforest_temple;Густой Лес;x
c_sungrove;Солнечная роща;x
b_sungrove_castle;Солнечная роща;x
b_sungrove;Солнечная роща;x
b_sungrove_temple;Солнечная роща;x
d_darkwater;Темноводная;x
c_malhor;Малхор;x
b_malhor_castle;Малхор;x
b_malhor;Малхор;x
b_malhor_temple;Малхор;x
c_darkbridge;Темный мост;x
b_darkbridge_castle;Темный мост;x
b_darkbridge;Темный мост;x
b_darkbridge_temple;Темный мост;x
c_watersmeet;Встречные воды;x
b_watersmeet_castle;Встречные воды;x
b_watersmeet;Встречные воды;x
b_watersmeet_temple;Встречные воды;x
k_norvos;Норвос;x
k_norvos_adj;Норвосск;x
d_norvos;Норвос;x
d_norvos_adj;Норвосск;x
c_norvos;Норвос;x
b_norvos;Норвос;x
b_lowernorvos;Нижний Норвос;x
b_noom;Нум;x
b_narrah;Наррах;x
b_nyel;Ниэл;x
b_beardedtemple;Норвос;x
b_burtos_hill;Холм Буртос;x
c_noyne;Нойна;x
b_noyne;Нойна;x
b_noynecastle;Нойна;x
b_noynetemple;Нойна;x
c_ghoyanpass;Перевал Гойан;x
b_ghoyanpass;Перевал Гойан;x
b_ghoyanpasscastle;Страж Прохода;x
b_ghoyanpasstemple;Перевал Гойан;x
d_hills_of_norvos;Холмы Норвоса;x
c_bearhills;Медвежьи Холмы;x
b_bearhills;Медвежьи Холмы;x
b_bearhillscastle;Медвежьи Холмы;x
b_bearhillstemple;Медвежьи Холмы;x
c_narros;Наррос;x
b_narros;Наррос;x
b_narroscastle;Наррос;x
b_narrostemple;Наррос;x
c_mountnorvo;Гора Норво;x
b_mountnorvocastle;Гора Норво;x
b_mountnorvo;Гора Норво;x
b_mountnorvotemple;Гора Норво;x
c_dark_hills;Темные Холмы;x
b_dark_hillscastle;Темные Холмы;x
b_dark_hills;Темные Холмы;x
b_dark_hillstemple;Темные Холмы;x
c_dolronhor;Долронхор;x
b_dolronhor_castle;Долронхор;x
b_dolronhor;Долронхор;x
b_dolronhor_temple;Долронхор;x
d_the_west_road;Западная Дорога;x
c_nyelos;Ниэлос;x
b_nyelos;Ниэлос;x
b_nyeloscastle;Ниэлос;x
b_nyelostemple;Ниэлос;x
c_noomgate;Ворота Нум;x
b_noomgatecastle;Ворота Нум;x
b_noomgate;Ворота Нум;x
b_noomgatetemple;Ворота Нум;x
c_palhorvos;Палхорвос;x
b_palhorvoscastle;Палхорвос;x
b_palhorvos;Палхорвос;x
b_palhorvostemple;Палхорвос;x
k_myr;Мир;x
k_myr_adj;Мирийск;x
d_myr;Мир;x
c_myr;Мир;x
b_myr;Мир;x
b_myrishharbor;Гавань Мира;x
b_redtemplemyr;Мир;x
b_vyrelos;Вирелос;x
b_lace_tower;Кружевная Башня;x
b_green_gate;Зеленые Врата;x
b_nymolis;Нимолис;x
c_bayofmyr;Накес Эмбар;x
b_bayofmyr;Накес Эмбар;x
b_bayofmyr_castle;Накес Эмбар;x
b_bayofmyr_temple;Накес Эмбар;x
d_myrish_hinterlands;Переход Дочерей;x
c_plainsofmyr;Ринлос;x
b_plainsofmyr;Ринлос;x
b_plainsofmyr_castle;Ринлос;x
b_plainsofmyr_temple;Ринлос;x
c_latnyr;Латнир;x
b_latnyr_castle;Латнир;x
b_latnyr;Латнир;x
b_latnyr_temple;Латнир;x
c_vymolys;Вимолис;x
b_vymolys_castle;Вимолис;x
b_vymolys;Вимолис;x
b_vymolys_temple;Вимолис;x
d_myrish_disputed_lands;Мирийские спорные земли;x
c_forestofmyr;Киос;x
b_forestofmyr;Киос;x
b_forestofmyr_castle;Киос;x
b_forestofmyr_temple;Киос;x
c_myrwater;Воды Мира;x
b_myrwater_castle;Воды Мира;x
b_myrwater;Воды Мира;x
b_myrwater_temple;Воды Мира;x
c_drelyia;Дрелийа;x
b_drelyia_castle;Дрелийа;x
b_drelyia;Дрелийа;x
b_drelyia_temple;Дрелийа;x
d_myrish_flatlands;Равнины Мира;x
c_lortyrbay;Залив Лортир;x
b_lortyrbay;Залив Лортир;x
b_lortyrbay_castle;Залив Лортир;x
b_lortyrbay_temple;Залив Лортир;x
c_longlake;Длинное Озеро;x
b_longlake_castle;Длинное Озеро;x
b_longlake;Длинное Озеро;x
b_longlake_temple;Длинное Озеро;x
c_byloth;Билот;x
b_byloth;Билот;x
b_byloth_castle;Билот;x
b_byloth_temple;Билот;x
c_nymyrelor;Ни Мирелор;x
b_nymyrelor_castle;Ни Мирелор;x
b_nymyrelor;Ни Мирелор;x
b_nymyrelor_temple;Ни Мирелор;x
c_greenlace;Зеленые Кружева;x
b_greenlace_castle;Зеленые Кружева;x
b_greenlace;Зеленые Кружева;x
b_greenlace_temple;Зеленые Кружева;x
k_tyrosh;Тирош;x
k_tyrosh_adj;Тирошийск;x
d_tyrosh;Тирош;x
c_tyrosh;Тирош;x
b_tyrosh;Тирош;x
b_tyroshharbor;Тирошийская гавань;x
b_bleedingtower;Кровавая башня;x
b_fountaindrunkengod;Фонтан Пьяного бога;x
b_templeoftrios;Храм Триоса;x
b_zernosh;Зернош;x
b_dynelos;Динелос;x
c_littletyrosh;Маленький Тирош;x
b_littletyrosh;Маленький Тирош;x
b_littletyrosh_castle;Маленький Тирош;x
b_littletyrosh_temple;Маленький Тирош;x
c_tyroshilanding;Земли Тироша;x
b_tyroshilanding;Земли Тироша;x
b_tyroshilanding_castle;Земли Тироша;x
b_tyroshilanding_temple;Земли Тироша;x
d_tyroshi_lands;Тирошийские спорные земли;x
c_kylos;Килос;x
b_kylos;Килос;x
b_kylos_castle;Килос;x
b_kylos_temple;Килос;x
c_disputedpeninsula;Вилибош;x
b_disputedpeninsula;Вилибош;x
b_disputedpeninsula_castle;Вилибош;x
b_disputedpeninsula_temple;Вилибош;x
c_vysosplains;Равнины Висоса;x
b_vysosplains;Равнины Висоса;x
b_vysosplains_castle;Равнины Висоса;x
b_vysosplains_temple;Равнины Висоса;x
k_volantis;Волантис;x
k_volantis_adj;Волантийск;x
d_volantis;Волантис;x
c_oldvolantis;Старый Волантис;x
b_oldvolantis;Старый Волантис;x
b_blackwall;Черная Стена;x
b_rhoyne_manor;Имение Ройны;x
b_blood_palace;Кровавый Дворец;x
b_izulepsia;Изулепсия;x
b_dragon_hill;Холм Дракона;x
c_volantis;Волантис;x
b_volantis;Волантис;x
b_volantisgates;Западные Ворота;x
b_volantisharbor;Район Гавани;x
b_brokengate;Новый Дворец;x
b_longbridge;Длинный Мост;x
b_kyzaria;Кизария;x
b_voltys;Волтис;x
c_volantenecoast;Арлиор Герон;x
b_volantenecoast;Арлиор Герон;x
b_volantenecoast_castle;Арлиор Герон;x
b_volantenecoast_temple;Арлиор Герон;x
c_little_valyria;Маленькая Валирия;x
b_little_valyria;Маленькая Валирия;x
b_little_valyriacastle;Маленькая Валирия;x
b_little_valyriatemple;Маленькая Валирия;x
b_dragon_foot;Лапа Дракона;x
c_vasyugys;Васиигис;x
b_vasyugys;Васиигис;x
b_vasyugyscastle;Васиигис;x
b_vasyugystemple;Васиигис;x
c_tyvis;Сарой;x
b_tyvis;Сарой;x
b_tyviscastle;Сарой;x
b_tyvistemple;Сарой;x
b_salt_town;Солевой Город;x
b_mothers_canal;Материнский канал;x
c_templelordoflight;Великая Площадь;x
b_templelordoflight;Храм Владыки Света;x
b_the_great_plaza;Великая Площадь;x
d_orange_shore;Оранжевый Берег;x
c_orangeplains;Почетный Порт;x
b_orangeplains;Почетный Порт;x
b_orangeplains_castle;Почетный Порт;x
b_orangeplains_temple;Почетный Порт;x
c_orangeislands;Олвис Мелл;x
b_orangeislands;Олвис Мелл;x
b_orangeislands_castle;Олвис Мелл;x
b_orangeislands_temple;Олвис Мелл;x
c_orangeshore;Земли Ведиса;x
b_orangeshore;Земли Ведиса;x
b_orangeshore_castle;Земли Ведиса;x
b_orangeshore_temple;Земли Ведиса;x
d_volontherys;Волон Терис;x
c_volontherys;Волон Терис;x
b_volontherys;Волон Терис;x
b_volontherys_castle;Волон Терис;x
b_volontherys_temple;Волон Терис;x
b_theryia;Терийя;x
b_movlantis;Мовлантис;x
b_volaezsia;Волейзия;x
d_valysar;Валисар;x
c_valysar;Валисар;x
b_valysar;Валисар;x
b_valysar_castle;Валисар;x
b_valysar_temple;Валисар;x
b_sar_pelyzia;Сар Пелизия;x
b_manhorys;Манхорис;x
b_qaedalzia;Кейдалзия;x
c_mavlys;Мавлис;x
b_mavlys;Мавлис;x
b_mavlys_castle;Мавлис;x
b_mavlys_temple;Мавлис;x
d_selhorys;Селорис;x
c_selhorys;Селорис;x
b_selhorys;Селорис;x
b_selhorys_castle;Селорис;x
b_selhorys_temple;Селорис;x
b_klyzantis;Клизантис;x
b_maevaryia;Мэйвария;x
b_voloreszia;Волорейзия;x
c_sar_mell;Сар Мелл;x
b_sar_mell;Сар Мелл;x
b_sar_mellcastle;Сар Мелл;x
b_sar_melltemple;Сар Мелл;x
b_flower_port;Цветочный Порт;x
b_pale_tower;Бледная Башня;x
c_selhoru;Селору;x
b_selhoru;Селору;x
b_selhoru2;Селору;x
b_selhoru3;Селору;x
c_death_swamps;Болота Смерти;x
b_death_swamps;Болота Смерти;x
b_death_swamps2;Болота Смерти;x
b_death_swamps3;Болота Смерти;x
d_valonsar;Валон Сар;x
c_valonsar;Валон Сар;x
b_valonsar;Валон Сар;x
b_valonsar_castle;Валон Сар;x
b_valonsar_temple;Валон Сар;x
c_armynar;Ар Минар;x
b_armynar;Ар Минар;x
b_armynar_castle;Ар Минар;x
b_armynar_temple;Ар Минар;x
c_laboros;Лаборос;x
b_laboros;Лаборос;x
b_laboros_castle;Лаборос;x
b_laboros_temple;Лаборос;x
d_volantene_disputed_lands;Волантийские спорные земли;x
c_plainsofmaegys;Равнины Мейгиса;x
b_plainsofmaegys;Равнины Мейгиса;x
b_plainsofmaegys_castle;Равнины Мейгиса;x
b_plainsofmaegys_temple;Равнины Мейгиса;x
c_anyria;Анирия;x
b_anyria;Анирия;x
b_anyria_castle;Анирия;x
b_anyria_temple;Анирия;x
c_dreos;Дреос;x
b_dreos;Дреос;x
b_dreos_castle;Дреос;x
b_dreos_temple;Дреос;x
d_volaena;Волейна;x
c_volaena;Волейна;x
b_volaena;Волейна;x
b_volaena2;Волейна;x
b_volaena3;Волейна;x
c_vysyria;Визирия;x
b_vysyria;Визирия;x
b_vysyria2;Визирия;x
b_vysyria3;Визирия;x
k_lorath;Лорат;x
k_lorath_adj;Лоратийск;x
d_prince_lorath;Лорат;x
d_prince_lorath_adj;Лоратийск;x
d_lorath;Лорат;x
d_lorath_adj;Лоратийск;x
c_lorath;Лорат;x
b_lorath;Лорат;x
b_great_tower;Великая Башня;x
b_archons_keep;Крепость Архонта;x
b_shivering_port;Дрожащий порт;x
b_moon;Месяц;x
b_asilath;Эсилат;x
b_ibewos;Ибевос;x
c_lorassyon;Лорассион;x
b_lorassyon;Лорассион;x
b_lorassyon_city;Лорассион;x
b_lorassyon_temple;Лорассион;x
c_elbateros;Элбатерос;x
b_elbateros;Элбатерос;x
b_elbateroscastle;Элбатерос;x
b_elbaterostemple;Элбатерос;x
c_whitecliffs;Белые Скалы;x
b_whitecliffs;Белые Скалы;x
b_whitecliffscastle;Белые Скалы;x
b_whitecliffstemple;Белые Скалы;x
d_lorath_bay;Лоратийский залив;x
c_shalorath;Шалорат;x
b_shalorath;Шалорат;x
b_shalorathcastle;Шалорат;x
b_shalorathtemple;Шалорат;x
c_lorathishore;Рыбацкий Мыс;x
b_lorathi_shore;Рыбацкий Мыс;x
b_lorathi_shorecastle;Рыбацкий Мыс;x
b_lorathi_shoretemple;Рыбацкий Мыс;x
d_the_axe;Секира;x
c_axe;Секира;x
b_axecastle;Секира;x
b_axe;Секира;x
b_axetemple;Секира;x
c_axemountains;Горы Секиры;x
b_axemountainscastle;Горы Секиры;x
b_axemountains;Горы Секиры;x
b_axemountainstemple;Горы Секиры;x
k_north_valyria;Северная Валирия;x
d_mantarys;Мантарис;x
d_mantarys_adj;Мантарийск;x
c_mantarys;Мантарис;x
b_mantarys;Мантарис;x
b_mantaryscastle;Мантарис;x
b_mantarystemple;Мантарис;x
c_demon_pass;Перевал Демона;x
b_demon_pass;Перевал Демона;x
b_demon_passcastle;Перевал Демона;x
b_demon_passtemple;Перевал Демона;x
c_painted_valleys;Пестрые Долины;x
b_painted_valleys;Пестрые Долины;x
b_painted_valleyscastle;Пестрые Долины;x
b_painted_valleystemple;Пестрые Долины;x
d_tolos;Толос;x
d_tolos_adj;Толоск;x
c_tolos;Толос;x
b_tolos;Толос;x
b_toloscastle;Толос;x
b_tolostemple;Толос;x
c_black_cliffs;Черные Скалы;x
b_black_cliffs;Черные Скалы;x
b_black_cliffscastle;Черные Скалы;x
b_black_cliffstemple;Черные Скалы;x
d_elyria;Элирия;x
d_elyria_adj;Элирийск;x
c_elyria;Элирия;x
b_elyria;Элирия;x
b_elyriacastle;Элирия;x
b_elyriatemple;Элирия;x
d_dalos;Драконис;x
d_dalos_adj;Драконисск;x
c_dalos;Драконис;x
b_dalos;Драконис;x
b_daloscastle;Драконис;x
b_dalostemple;Драконис;x
c_ublesia;Ублезия;x
b_ublesia;Ублезия;x
b_ublesia2;Ублезия;x
b_ublesia3;Ублезия;x
c_anogaria;Аногария;x
b_anogaria;Аногария;x
b_anogariacastle;Аногария;x
b_anogariatemple;Аногария;x
d_bhorash;Бхораш;x
d_bhorash_adj;Бхорашск;x
c_bhorash;Бхораш;x
b_bhorash;Бхораш;x
b_bhorashcastle;Бхораш;x
b_bhorashtemple;Бхораш;x
d_isle_of_cedars;Кедровый остров;x
c_ghozai;Гозай;x
b_ghozai;Гозай;x
b_ghozai_castle;Гозай;x
b_ghozai_temple;Гозай;x
c_velos;Велос;x
b_velos;Велос;x
b_velos_castle;Велос;x
b_velos_temple;Велос;x
c_elos;Элос;x
b_elos;Элос;x
b_elos_castle;Элос;x
b_elos_temple;Элос;x
k_andalos;Андалос;x
k_andalos_adj;Андальск;x
d_upper_rhoyne;Верхняя Ройна;x
c_hugorvale;Долина Хугора;x
b_hugorvale1;Долина Хугора;x
b_hugorvale2;Долина Хугора;x
b_hugorvale3;Долина Хугора;x
c_east_andalos;Восточный Андалос;x
b_east_andalos1;Восточный Андалос;x
b_east_andalos2;Восточный Андалос;x
b_east_andalos3;Восточный Андалос;x
c_seven_stars;Семь звезд;x
b_seven_stars_1;Семь Звезд;x
b_seven_stars_2;Семь Звезд;x
b_seven_stars_3;Семь Звезд;x
d_north_andalos;Северный Андалос;x
c_mothers_valley;Долина Матери;x
b_mothers_valley1;Долина Матери;x
b_mothers_valley2;Долина Матери;x
b_mothers_valley3;Долина Матери;x
c_willowsreach;Ивовые просторы;x
b_willowsreach1;Ивовые просторы;x
b_willowsreach2;Ивовые просторы;x
b_willowsreach3;Ивовые просторы;x
d_andal_coast;Побережье Андалов;x
c_fathers_hill;Холм Отца;x
b_fathers_hill1;Холм Отца;x
b_fathers_hill2;Холм Отца;x
b_fathers_hill3;Холм Отца;x
c_andal_coast;Побережье Андалов;x
b_andal_coast1;Побережье Андалов;x
b_andal_coast2;Побережье Андалов;x
b_andal_coast3;Побережье Андалов;x
k_rhoynar;Ройнары;x
k_rhoynar_adj;Ройнарск;x
d_ny_sar;Ни Сар;x
c_ny_sar;Ни Сар;x
b_nymeria_palace;Дворец Нимерии;x
b_ny_sar;Ни Сар;x
b_ny_sartemple;Ни Сар;x
b_sar_drea;Сар Дрэя;x
b_ar_geryas;Ар Гериас;x
b_dhielyas;Дейлиас;x
b_pryellys;Приэллис;x
c_nyrhonvalley;Долина Ни Рон;x
b_nyrhonvalley;Долина Ни Рон;x
b_nyrhonvalleycastle;Долина Ни Рон;x
b_nyrhonvalleytemple;Долина Ни Рон;x
c_sar_lhorulys;Сар Лорулис;x
b_sar_lhorulys;Сар Лорулис;x
b_sar_lhorulyscastle;Сар Лорулис;x
b_sar_lhorulystemple;Сар Лорулис;x
d_golden_fields;Золотые Поля;x
c_goldenbridge;Золотой Мост;x
b_goldenbridge;Золотой Мост;x
b_goldenbridgecastle;Золотой Мост;x
b_goldenbridgetemple;Золотой Мост;x
c_northfields;Северные луга;x
b_northfields;Северные луга;x
b_northfieldscastle;Северные луга;x
b_northfieldstemple;Северные луга;x
c_lhorulu;Лорулу;x
b_lhorulu;Лорулу;x
b_lhorulucastle;Лорулу;x
b_lhorulutemple;Лорулу;x
d_ar_noy;Ар Ной;x
c_ar_noy;Ар Ной;x
b_ar_noy_castle;Дворей Ар Ной;x
b_ar_noy;Ар Ной;x
b_ar_noytemple;Ар Ной;x
b_sar_erilidies;Сар Эрилидиес;x
b_glohulu;Глохулу;x
c_daggerlake;Кинжальное Озеро;x
b_daggerlake;Кинжальное Озеро;x
b_daggerlake_castle;Кинжальное Озеро;x
b_daggerlake_temple;Кинжальное Озеро;x
b_dagger_fork;Кинжальная Вилка;x
c_sar_rhoy;Сар Рой;x
b_sar_rhoy;Сар Рой;x
b_sar_rhoy_castle;Сар Рой;x
b_sar_rhoytemple;Сар Рой;x
c_ar_selrys;Ар Селрис;x
b_ar_selrys;Ар Селрис;x
b_ar_selrystown;Ар Селрис;x
b_ar_selrystemple;Ар Селрис;x
d_lower_rhoyne;Нижняя Ройна;x
c_chroyane;Крояне;x
b_palace_of_love;Дворец Любви;x
b_chroyane;Крояне;x
b_chroyanetemple;Крояне;x
b_sar_velrys;Сар Велрис;x
b_sunfall;Солнцепад;x
c_nor_salis;Нор Салис;x
b_nor_saliscastle;Нор Салис;x
b_nor_salis;Нор Салис;x
b_nor_salistemple;Нор Салис;x
c_rhoyne_vale;Долина Ройны;x
b_rhoyne_valecastle;Долина Ройны;x
b_rhoyne_vale;Долина Ройны;x
b_rhoyne_valetemple;Долина Ройны;x
k_essaria;Эссария;x
k_essaria_adj;Эссарийск;x
d_essaria;Эссария;x
c_essaria;Эссария;x
b_essaria;Эссария;x
b_essaria1;Эссария;x
b_essaria2;Эссария;x
b_essaria3;Арлаия;x
b_essaria4;Гералис;x
b_essaria5;Босар;x
c_vaes_ashefa;Калиос;x
b_vaes_ashefa;Калиос;x
b_vaes_ashefa1;Калиос;x
b_vaes_ashefa2;Калиос;x
d_hills_essaria;Холмы Эссарии;x
c_hills_essaria;Лесная дорога;x
b_hills_essaria;Лесная дорога;x
b_hills_essaria1;Лесная дорога;x
b_hills_essaria2;Лесная дорога;x
c_bajys;Баджис;x
b_bajys;Баджис;x
b_bajys1;Баджис;x
b_bajys2;Баджис;x
c_herys;Херис;x
b_herys;Херис;x
b_herys1;Херис;x
b_herys2;Херис;x
c_hathasia;Хатасия;x
b_hathasia;Хатасия;x
b_hathasia1;Хатасия;x
b_hathasia2;Хатасия;x
d_painted_mountains;Пестрые Горы;x
c_valley_essaria;Персария;x
b_valley_essaria;Персария;x
b_valley_essaria1;Персария;x
b_valley_essaria2;Персария;x
c_vaes_jimma;Тархор;x
b_vaes_jimma;Тархор;x
b_vaes_jimma1;Тархор;x
b_vaes_jimma2;Тархор;x
c_eglia;Эглия;x
b_eglia;Эглия;x
b_eglia1;Эглия;x
b_eglia2;Эглия;x
c_zobria;Зобрия;x
b_zobria;Зобрия;x
b_zobria1;Зобрия;x
b_zobria2;Зобрия;x
c_painted_march;Пестрый путь;x
b_painted_march;Пестрый путь;x
b_painted_march1;Пестрый путь;x
b_painted_march2;Пестрый путь;x
k_sarnor;Сарнор;x
k_sarnor_adj;Сарнорск;x
d_saath;Саат;x
c_saath;Саат;x
b_saath;Саат;x
b_saath_city;Саат;x
b_saath_temple;Саат;x
c_high_athosh;Высокий Атош;x
b_high_athosh;Высокий Атош;x
b_high_athosh_city;Высокий Атош;x
b_high_athosh_temple;Высокий Атош;x
c_mikath;Микат;x
b_mikath;Микат;x
b_mikath_city;Микат;x
b_mikath_temple;Микат;x
d_rathylar;Ратилар;x
c_rathylar;Ратилар;x
b_rathylar;Ратилар;x
b_rathylar1;Ратилар;x
b_rathylar2;Ратилар;x
b_rathylar3;Ратилар;x
c_hornoth;Хорнот;x
b_hornoth;Хорнот;x
b_hornoth1;Хорнот;x
b_hornoth2;Хорнот;x
b_hornoth3;Хорнот;x
b_hornoth4;Хорнот;x
d_morosh;Морош;x
c_morosh;Морош;x
b_morosh;Морош;x
b_morosh_city;Морош;x
b_morosh_temple;Морош;x
c_protosh;Протош;x
b_protosh;Протош;x
b_protosh_city;Протош;x
b_protosh_temple;Протош;x
d_sarnath;Сарнат;x
c_sarnath;Сарнат;x
b_sarnath;Дворец Тысячи покоев;x
b_sarnath1;Сарнат;x
b_sarnath2;Сарнат;x
b_sarnath3;Сарнат;x
b_sarnath4;Сарнат;x
b_sarnath5;Сарнат;x
c_vaes_ejakh;Порбат;x
b_vaes_ejakh;Порбат;x
b_vaes_ejakh1;Порбат;x
b_vaes_ejakh2;Порбат;x
c_fields_sarnath;Кешер;x
b_fields_sarnath;Кешер;x
b_fields_sarnath1;Кешер;x
b_fields_sarnath2;Кешер;x
d_kasath;Касат;x
c_kasath;Касат;x
b_kasath;Касат;x
b_kasath1;Касат;x
b_kasath2;Касат;x
b_kasath3;Касат;x
b_kasath4;Касат;x
c_n_hills_kasath;Королевские Холмы;x
b_n_hills_kasath;Королевские Холмы;x
b_n_hills_kasath1;Королевские Холмы;x
b_n_hills_kasath2;Королевские Холмы;x
d_gornath;Горнат;x
c_gornath;Горнат;x
b_gornath;Горнат;x
b_gornath1;Горнат;x
b_gornath2;Горнат;x
b_gornath3;Горнат;x
c_malath;Малат;x
b_malath;Малат;x
b_malath1;Малат;x
b_malath2;Малат;x
c_beccane;Беккэйн;x
b_beccane;Беккэйн;x
b_beccane1;Беккэйн;x
b_beccane2;Беккэйн;x
b_beccane3;Беккэйн;x
d_sarys;Серис;x
c_sarys;Серис;x
b_sarys;Серис;x
b_sarys1;Серис;x
b_sarys2;Серис;x
b_sarys3;Серис;x
b_sarys4;Серис;x
d_mardosh;Мардош;x
c_mardosh;Мардош;x
b_mardosh;Мардош;x
b_mardosh1;Мардош;x
b_mardosh2;Мардош;x
b_mardosh3;Мардош;x
c_kyth;Кит;x
b_kyth;Кит;x
b_kyth1;Кит;x
b_kyth2;Кит;x
b_kyth3;Кит;x
d_sallosh;Саллош;x
c_sallosh;Саллош;x
b_sallosh;Саллош;x
b_sallosh1;Саллош;x
b_sallosh2;Саллош;x
b_sallosh3;Саллош;x
b_sallosh4;Саллош;x
c_s_hills_kasath;Датар;x
b_s_hills_kasath;Датар;x
b_s_hills_kasath1;Датар;x
b_s_hills_kasath2;Датар;x
d_sathar;Сатар;x
c_sathar;Сатар;x
b_sathar;Сатар;x
b_sathar1;Сатар;x
b_sathar2;Сатар;x
b_sathar3;Сатар;x
b_sathar4;Сатар;x
d_omber;Омбер;x
c_bartosh;Бартош;x
b_bartosh;Бартош;x
b_bartosh1;Бартош;x
b_bartosh2;Бартош;x
c_faath;Фаат;x
b_faath;Фаат;x
b_faath1;Фаат;x
b_faath2;Фаат;x
c_barkarth;Баркарт;x
b_barkarth;Баркарт;x
b_barkarth1;Баркарт;x
b_barkarth2;Баркарт;x
c_bay_tusks;Бивневый залив;x
b_bay_tusks;Бивневый залив;x
b_bay_tusks1;Бивневый залив;x
b_bay_tusks2;Бивневый залив;x
e_three_daughters;Три Дочери;x
e_three_daughters_adj;Триархия;x
e_three_sons;Три Сына;x
e_andalos;Андалос;x
e_andalos_adj;Андальск;x
e_braavos;Браавос;x
e_braavos_adj;Браавосийск;x
k_braavos;Браавос;x
k_braavos_adj;Браавосийск;x
d_braavos;Браавос;x
d_braavos_adj;Браавосийск;x
c_braavos;Браавос;x
b_braavos;Браавос;x
b_sealordpalace;Дворец Морского Владыки;x
b_titan;Браавосский Титан;x
b_arsenal;Арсенал;x
b_purpleharbor;Пурпурная Гавань;x
b_ragmansharbor;Мусорная Заводь;x
b_templemoonsingers;Лунные Певцы;x
c_themarshes;Топи;x
b_themarshescastle;Топи;x
b_themarshes;Топи;x
b_themarshestemple;Топи;x
c_braavosishore;Лунный Мост;x
b_braavosishore;Лунный Мост;x
b_braavosishorecastle;Лунный Мост;x
b_braavosishoretemple;Лунный Мост;x
d_braavosiancoastlands;Браавосийские острова;x
c_malaqovos;Малаквовос;x
b_malaqovoscastle;Малаквовос;x
b_malaqovos;Малаквовос;x
b_malaqovostemple;Малаквовос;x
c_freneros;Фрэнерос;x
b_freneros;Фрэнерос;x
b_freneroscastle;Фрэнерос;x
b_frenerostemple;Фрэнерос;x
d_sweetwater;Пресноводный;x
c_braavosianhills;Холмы Дейрвес;x
b_braavosianhillscastle;Холмы Дейрвес;x
b_braavosianhills;Холмы Дейрвес;x
b_braavosianhillstemple;Холмы Дейрвес;x
c_prestaynos;Пристейнос;x
b_prestaynoscastle;Пристейнос;x
b_prestaynos;Пристейнос;x
b_prestaynostemple;Пристейнос;x
c_braavosian_fields;Железная Гавань;x
b_braavosian_fields;Железная Гавань;x
b_braavosian_fieldscastle;Железная Гавань;x
b_braavosian_fieldstemple;Железная Гавань;x
d_east_braavosiancoastlands;Моррогос;x
c_morrogos;Моррогос;x
b_morrogoscastle;Моррогос;x
b_morrogos;Моррогос;x
b_morrogostemple;Моррогос;x
c_antaryonos;Антарионос;x
b_antaryonos;Антарионос;x
b_antaryonoscastle;Антарионос;x
b_antaryonostemple;Антарионос;x
e_ghiscar;Гискар;x
e_ghiscar_adj;Гискарск;x
k_yunkai;Юнкай;x
k_yunkai_adj;Юнкайск;x
d_yunkai;Юнкай;x
d_yunkai_adj;Юнкайск;x
c_yunkai;Юнкай;x
b_yunkai;Юнкай;x
b_greatpyramidyunkai;Великая Пирамида Юнкая;x
b_plazaofambition;Площадь Амбиций;x
b_yunkaiharbor;Гавань Юнкая;x
b_wallsyunkai;Железная Пирамида;x
b_yunkai_temple;Храм Юнкая;x
b_golden_pyramid;Золотая Пирамида;x
c_yellowpyramid;Жёлтая Пирамида;x
b_yellow_pyramid;Жёлтый Зал;x
b_yellow_walls;Жёлтые Стены;x
b_yellow_temple;Жёлтая Благодать;x
b_yellow_gates;Жёлтые Врата;x
b_pleasure_dorms;Обжетие Удовольствий;x
b_yellow_cells;Клетки Удовольствий;x
c_pleasure_road;Дорога вздохов;x
b_pleasure_roadcity;Дорога вздохов;x
b_pleasure_roadtemple;Дорога вздохов;x
b_pleasure_roadcastle;Дорога вздохов;x
c_maelk;Маэлк;x
b_maelk;Маэлк;x
b_maelkcastle;Маэлк;x
b_maelktemple;Маэлк;x
d_yaros;Ярос;x
c_yaros;Ярос;x
b_yaros;Ярос;x
b_yaroscastle;Ярос;x
b_yarostemple;Ярос;x
d_yunkishhills;Медные Холмы;x
c_yunkishhills;Вадхадхан;x
b_yunkishhills;Вадхадхан;x
b_yunkishhillscastle;Вадхадхан;x
b_yunkishhillstemple;Вадхадхан;x
c_coppermountains;Калдин;x
b_coppermountains;Калдин;x
b_coppermountainscastle;Калдин;x
b_coppermountainstemple;Калдин;x
k_astapor;Астапор;x
k_astapor_adj;Астапорск;x
d_astapor;Астапор;x
d_astapor_adj;Астапорск;x
c_astapor;Астапор;x
b_astapor;Астапор;x
b_red_plaza;Красная площадь;x
b_plazaofpride;Площадь Гордости;x
b_plazaofpunishment;Площадь Кары;x
b_astapor_temple;Храм Астапора;x
b_worm_pyramid;Пирамида Червя;x
b_blood_pyramid;Кровавая Пирамида;x
c_red_pyramid;Красная Пирамида;x
b_redhall;Красный Зал;x
b_red_walls;Красные Стены;x
b_blood_temple;Кровавая Благодать;x
b_training_grounds;Тренировочная Площадка;x
b_unsullied_barracks;Казармы Безупречных;x
b_red_gate;Красные Врата;x
b_red_harpy;Красная Гарпия;x
c_bloody_hills;Кровавые холмы;x
b_bloodyhills;Кровавые холмы;x
b_bloodyhills_temple;Кровавые холмы;x
b_bloodyhills_city;Кровавые холмы;x
c_slaversroad;Дорога рабов;x
b_slaversroad;Дорога рабов;x
b_slaversroadcastle;Дорога рабов;x
b_slaversroadtemple;Дорога рабов;x
d_ghiscarpoint;Мыс Гискара;x
c_ghiscarpoint;Гискарский Мыс;x
b_ghiscarpoint;Гискарский Мыс;x
b_ghiscar_pointcastle;Гискарский Мыс;x
b_ghiscar_pointtemple;Гискарский Мыс;x
c_cedarcoast;Кедровый берег;x
b_cedarcoast;Кедровый берег;x
b_cedarcoast_city;Кедровый берег;x
b_cedarcoast_temple;Кедровый берег;x
d_worm_river;Река Червь;x
c_hornshezzat;Рога Хеззата;x
b_hornshezzat;Рога Хеззата;x
b_hornshezzatcastle;Рога Хаззата;x
b_hornshezzattemple;Рога Хаззата;x
c_wormriver;Дозай;x
b_wormriver;Дозай;x
b_wormrivercastle;Дозай;x
b_wormrivertemple;Дозай;x
c_astaporihills;Гадис;x
b_astaporihills;Гадис;x
b_astaporihillscastle;Гадис;x
b_astaporihillstemple;Гадис;x
k_meereen;Миэрин;x
k_meereen_adj;Миэринск;x
d_meereen;Миэрин;x
d_meereen_adj;Миэринск;x
c_meereen;Миэрин;x
b_meereen;Миэрин;x
b_greatpyramidmeereen;Великая Пирамида Миэрина;x
b_plazaofmanycolors;Площадь Очищения;x
b_wallsmeereen;Пирамида Квеззара;x
b_meereenharbor;Гавань Миэрина;x
b_fightingpits;Йерицанская Пирамида;x
b_graces;Благодати;x
b_doormeereen;Пирамида Лорака;x
c_the_great_pyramid;Великая Пирамида Миэрина;x
b_greatpyramid;Великий Зал;x
b_great_cells;Великие Подземелья;x
b_pyramid_temple;Великая Гарпия;x
b_harpy_castle;Великие Врата;x
b_slave_dorms;Рабские Общежития;x
b_pyramid_base;Стены Пирамиды;x
b_master_vault;Хранилище Мастеров;x
c_salt_hills;Соляные холмы;x
b_salthills;Соляные холмы;x
b_salthills_city;Соляные холмы;x
b_salthills_temple;Соляная Благодать;x
c_broken_joint;Сломленный Джоинт;x
b_brokenjoint;Сломленный Джоинт;x
b_brokenjoint_city;Сломленный Джоинт;x
b_brokenjoint_temple;Сломленная Благодать;x
d_demon_road;Дорога Демонов;x
c_demon_road;Дорога Демонов;x
b_demon_road;Дорога Демонов;x
b_demon_roadcastle;Дорога Демонов;x
b_demon_roadtemple;Дорога Демонов;x
b_demon_stone;Камень Демона;x
c_demongate;Призрачный путь;x
b_demongate;Призрачный путь;x
b_demongatecastle;Призрачный путь;x
b_demongatetemple;Призрачный путь;x
d_nomansland;Ничейные земли;x
c_burned_coast;Выжженный берег;x
b_burnedcoast;Выжженный берег;x
b_burnedcoast_city;Выжженный берег;x
b_burnedcoast_temple;Выжженный берег;x
c_nomansland;Ничейные земли;x
b_nomansland;Ничейные земли;x
b_nomanslandcastle;Ничейные земли;x
b_nomanslandtemple;Ничейные земли;x
d_khyzaipass;Кхизайский перевал;x
c_khyzaipass;Кхизайский перевал;x
b_khyzaipass;Кхизайский перевал;x
b_khyzaipasscastle;Кхизайский перевал;x
b_khyzaipasstemple;Кхизайский перевал;x
c_sandstone_valley;Песчаная долина;x
b_sandstonevalley;Песчаный Форт;x
b_sandstonevalley_city;Песчаная долина;x
b_sandstonevalley_temple;Песчаная долина;x
d_meereenesehills;Малкай;x
c_meereenesehills;Малкай;x
b_meereenesehills;Малкай;x
b_meereenesehillscastle;Малкай;x
b_meereenesehillstemple;Малкай;x
c_kalzhak;Калжак;x
b_kalzhak;Калжак;x
b_kalzhakcastle;Калжак;x
b_kalzhaktemple;Калжак;x
k_new_ghis;Новый Гис;x
k_new_ghis_adj;Новогискарск;x
d_new_ghis;Новый Гис;x
d_new_ghis_adj;Новогискарск;x
c_newghis;Новый Гис;x
b_pyramidnewghis;Новая Пирамида;x
b_newghis;Новый Гис;x
b_newghis_temple;Храм Нового Гиса;x
b_newghisharbour;Гискарская Гавань;x
b_pyramidnewghis_2;Пирамида Владыки;x
c_new_pyramid;Новая Пирамида;x
b_newhall;Новый Зал;x
b_newwalls;Новые Стены;x
b_newharpy_temple;Новая Благодать;x
b_newgates;Железные Врата;x
c_ghistone;Гистоун;x
b_ghistone;Гистоун;x
b_ghistone_city;Гистоун;x
b_ghistone_temple;Гистоун;x
d_ghaen;Гаэн;x
c_ghaen;Гаэн;x
b_ghaen;Гаэн;x
b_ghaencastle;Гаэн;x
b_ghaentemple;Гаэн;x
c_little_ghaen;Малый Гаэн;x
b_littleghaen;Малый Гаэн;x
b_littleghaen_temple;Малая Гарпия;x
b_littleghaen_city;Малый Гаэн;x
d_old_ghis;Гис;x
c_oldghis;Гис;x
b_pyramidoldghis;Великая Пирамида;x
b_oldghis;Старый Гис;x
b_oldghistemple;Храм Старого Гиса;x
b_oldghis4;Риглин;x
b_oldghis5;Зобрай;x
b_oldghis6;Хантис;x
b_oldghis7;Диниор;x
c_ghiscarihills;Атрускай;x
b_ghiscarihills;Атрускай;x
b_ghiscarihillscastle;Атрускай;x
b_ghiscarihillstemple;Атрускай;x
c_bakedshore;Пекучий берег;x
b_bakedshore;Пекучий берег;x
b_bakedshorecastle;Пекучий берег;x
b_bakedshoretemple;Пекучий берег;x
c_ghiscarishore;Кимбрин;x
b_ghiscarishore;Кимбрин;x
b_ghiscarishorecastle;Кимбрин;x
b_ghiscarishoretemple;Кимбрин;x
c_sumbyar;Самбиар;x
b_sumbyar;Самбиар;x
b_sumbyarcastle;Самбиар;x
b_sumbyartemple;Самбиар;x
d_ghiscari_hills;Гискарские Холмы;x
c_jagor;Джагор;x
b_jagor;Джагор;x
b_jagorcastle;Джагор;x
b_jagortemple;Джагор;x
c_puki;Паки;x
b_puki;Паки;x
b_pukicastle;Паки;x
b_pukitemple;Паки;x
d_bonecoast;Костяной берег;x
c_kalot;Калот;x
b_kalot;Калот;x
b_kalotcastle;Калот;x
b_kalottemple;Калот;x
c_bonecoast;Побережье Костей;x
b_bonecoast;Побережье Костей;x
b_bonecoastcastle;Побережье Костей;x
b_bonecoasttemple;Побережье Костей;x
k_skahazadhan;Скахазадхан;x
d_ghardaq;Гардак;x
c_ghardaq;Гардак;x
b_ghardaq;Гардак;x
b_ghardaq2;Гардак;x
b_ghardaq3;Гардак;x
b_ghardaq4;Речная Пирамида;x
b_ghardaq5;Келбин;x
c_geledhan;Геледхан;x
b_geledhan;Геледхан;x
b_geledhan2;Геледхан;x
b_geledhan3;Геледхан;x
c_hubreq;Хабрек;x
b_hubreq;Хабрек;x
b_hubreq2;Хабрек;x
b_hubreq3;Хабрек;x
d_skahaz_hills;Скхазские холмы;x
c_wurzkai;Вурзкай;x
b_wurzkai;Вурзкай;x
b_wurzkai2;Вурзкай;x
b_wurzkai3;Вурзкай;x
b_wurzkai4;Вурзкай;x
c_gohleen;Гохлин;x
b_gohleen;Гохлин;x
b_gohleen2;Гохлин;x
b_gohleen3;Гохлин;x
b_gohleen4;Гохлин;x
b_gohleen5;Гохлин;x
k_hazdahn;Хаздан;x
d_hazdahn;Хаздан;x
c_hazdahn_no;Хаздан Мо;x
b_hazdahn_no;Хаздан Мо;x
b_hazdahn_no2;Хаздан Мо;x
b_hazdahn_no3;Хаздан Мо;x
b_hazdahn_no4;Хаздан Мо;x
b_hazdahn_no5;Хаздан Мо;x
c_khydhan;Кидхан;x
b_khydhan;Кидхан;x
b_khydhan2;Кидхан;x
b_khydhan3;Кидхан;x
c_yanghis;Янгис;x
b_yanghis;Янгис;x
b_yanghis2;Янгис;x
b_yanghis3;Янгис;x
d_ghonazdhan;Гхоназдхан;x
c_ghonazdhan;Гоназдхан;x
b_ghonazdhan;Гоназдхан;x
b_ghonazdhan2;Гоназдхан;x
b_ghonazdhan3;Гоназдхан;x
c_vezenkria;Вэзенкрия;x
b_vezenkria;Вэзенкрия;x
b_vezenkria2;Вэзенкрия;x
b_vezenkria3;Вэзенкрия;x
k_ibben;Иббен;x
k_ibben_adj;Иббенийск;x
d_portofibben;Порт-Иббен;x
c_port_of_ibben;Порт-Иббен;x
b_port_of_ibben;Порт-Иббен;x
b_port_of_ibben_city;Порт-Иббен;x
b_port_of_ibben_harbour;Сарак;x
b_port_of_ibben_lighthouse;Китовый Дом;x
b_port_of_ibben_temple;Порт-Иббен;x
c_ib_lok;Иб Лок;x
b_ib_lok;Иб Лок;x
b_ib_lok_city;Иб Лок;x
b_ib_lok_temple;Иб Лок;x
c_spearhold;Спирхолд;x
b_spearhold;Спирхолд;x
b_spearhold_city;Спирхолд;x
b_spearhold_temple;Спирхолд;x
c_herse;Херс;x
b_herse;Херс;x
b_herse_city;Херс;x
b_herse_temple;Херс;x
d_iboss;Иб Осс;x
c_ib_oss;Иб Осс;x
b_ib_oss;Иб Осс;x
b_ib_oss_city;Иб Осс;x
b_ib_oss_temple;Иб Осс;x
c_ibbone;Иббон;x
b_ibbone;Иббон;x
b_ibbone_city;Иббон;x
b_ibbone_temple;Иббон;x
c_melten;Мелтен;x
b_melten;Мелтен;x
b_melten_city;Мелтен;x
b_melten_temple;Мелтен;x
d_ibnor;Иб Нор;x
c_ib_nor;Иб Нор;x
b_ib_nor;Иб Нор;x
b_ib_nor_city;Иб Нор;x
b_ib_nor_harbour;Гавань Иб Нора;x
b_ib_nor_temple;Иб Нор;x
b_ib_nor_lighthouse;Маяк;x
c_geysert;Гейзерт;x
b_geysert;Гейзерт;x
b_geysert_city;Гейзерт;x
b_geysert_temple;Гейзерт;x
c_tuskbay;Бивневый залив;x
b_tuskbay;Бивневый залив;x
b_tuskbay_city;Бивневый залив;x
b_tuskbay_temple;Бивневый залив;x
c_ib_ess;Иб Эсс;x
b_ib_ess;Иб Эсс;x
b_ib_ess_city;Иб Эсс;x
b_ib_ess_temple;Иб Эсс;x
d_bayofwhales;Китовый залив;x
c_ibben_dol;Иббен Дол;x
b_ibben_dol;Иббен Дол;x
b_ibben_dol_city;Иббен Дол;x
b_ibben_dol_temple;Иббен Дол;x
c_ibben_zok;Иббен Зок;x
b_ibben_zok;Иббен Зок;x
b_ibben_zok_city;Иббен Зок;x
b_ibben_zok_temple;Иббен Зок;x
c_ibben_thrak;Иббен Трак;x
b_ibben_thrak;Иббен Трак;x
b_ibben_thrak_city;Иббен Трак;x
b_ibben_thrak_temple;Иббен Трак;x
c_ibben_hran;Иббен Хран;x
b_ibben_hran;Иббен Хран;x
b_ibben_hran_city;Иббен Хран;x
b_ibben_hran_temple;Иббен Хран;x
d_farib;Фар Иб;x
c_ib_sar;Иб Сар;x
b_ib_sar;Иб Сар;x
b_ib_sar_city;Иб Сар;x
b_ib_sar_harbour;Гавань Иб Сара;x
b_ib_sar_temple;Иб Сар;x
c_far_ib;Фар Иб;x
b_far_ib;Фар Иб;x
b_far_ib_city;Фар Иб;x
b_far_ib_temple;Фар Иб;x
d_ibbish;Иббиш;x
c_new_ibbish;Новый Иббиш;x
b_new_ibbish;Новый Иббиш;x
b_new_ibbish_city;Новый Иббиш;x
b_new_ibbish_harbour;Гавань Нового Иббиша;x
b_new_ibbish_temple;Новый Иббиш;x
c_ibbish;Иббиш;x
b_ibbish;Иббиш;x
b_ibbish1;Иббиш;x
b_ibbish2;Иббиш;x
b_ibbish3;Иббиш;x
b_ibbish4;Иббиш;x
k_asshai;Тень;x
k_asshai_adj;Тенев;x
d_asshai;Асшай;x
d_asshai_adj;Асшайск;x
c_asshai;Асшай;x
b_asshai;Асшай;x
b_asshai_city;Асшай;x
b_asshai_harbour;Шафрановая Гавань;x
b_asshai_walls;Теневые Врата;x
b_asshai_temple;Асшай;x
b_phrae;Прэй;x
c_asshaii_coast;Чаийса;x
b_asshaii_coast;Чаийса;x
b_asshaii_coast_city;Чаийса;x
b_asshaii_coast_temple;Чаийса;x
c_saffron_coast;Шафрановые земли;x
b_saffron_coast;Шафрановые земли;x
b_saffron_coast_city;Шафрановые земли;x
b_saffron_coast_temple;Шафрановые земли;x
d_stygai;Стигай;x
c_stygai;Стигай;x
b_stygai;Стигай;x
b_stygai_castle;Стигай;x
b_stygai_city;Стигай;x
c_east_shadowvall;Манпос;x
b_east_shadowvall;Манпос;x
b_east_shadowvall_city;Манпос;x
b_east_shadowvall_temple;Манпос;x
c_west_shadowvall;Кумирай;x
b_west_shadowvall;Кумирай;x
b_west_shadowvall_city;Кумирай;x
b_west_shadowvall_temple;Кумирай;x
d_shadowlands;Север Края Теней;x
c_east_shadowmount;Тэйгуй;x
b_east_shadowmount;Тэйгуй;x
b_east_shadowmount_city;Тэйгуй;x
b_east_shadowmount_temple;Тэйгуй;x
c_west_shadowmount;Диниктум;x
b_west_shadowmount;Диниктум;x
b_west_shadowmount_city;Диниктум;x
b_west_shadowmount_temple;Диниктум;x
c_shadow_coast;Сарабурай;x
b_shadow_coast;Сарабурай;x
b_shadow_coast_city;Сарабурай;x
b_shadow_coast_temple;Сарабурай;x
d_saffron_straits;Шафрановый пролив;x
c_ulos;Улос;x
b_ulos;Улос;x
b_ulos_city;Улос;x
b_ulos_temple;Улос;x
c_saffron_isle;Шафрановый остров;x
b_saffron_isle;Шафрановый остров;x
b_saffron_isle_city;Шафрановый остров;x
b_saffron_isle_temple;Шафрановый остров;x
e_qarth;Кварт;x
e_qarth_adj;Квартийск;x
k_qarth;Кварт;x
k_qarth_adj;Квартийск;x
d_thirteen;Тринадцать;x
d_tourmaline;Турмалиновое Братство;x
d_spicers;Торговцы Пряностями;x
d_warlocks;Колдуны Кварта;x
d_sorrowful_men;Жалостливые;x
d_qarth;Кварт;x
d_qarth_adj;Квартийск;x
c_qarth;Кварт;x
b_hall_thrones;Зал Тысячи Тронов;x
b_port_qarth;Кварт;x
b_house_undying;Дом Бессмертных;x
b_port_thirteen;Порт Тринадцати;x
b_tourmaline_harbour;Турмалиновая гавань;x
b_spicer_port;Порт Гильдии Пряностей;x
b_jade_palace;Нефритовый Дворец;x
c_lehqron;Лекрон;x
b_lehqron;Лекрон;x
b_lehqrontown;Лекрон;x
b_lehqrontemple;Лекрон;x
c_saaleq;Саалек;x
b_saaleq;Саалек;x
b_saaleq_castle;Саалек;x
b_saaleq_temple;Саалек;x
c_matsar;Матсар;x
b_matsar;Матсар;x
b_matsartown;Матсар;x
b_matsartemple;Матсар;x
c_mbs_outer_wall;Вешняя Стена;x
b_mbs_outerwalls;Красно-Песчанная Стена;x
b_mbs_outerwalls_1;Доки Летних Островов;x
b_mbs_outerwalls_2;Доки Свободных Городов;x
b_mbs_outerwalls_3;Вестероские Доки;x
b_mbs_outerwalls_4;Иббенские Доки;x
b_mbs_outerwalls_5;И-Тийские Доки;x
b_mbs_outerwalls_6;Ассшайские Доки;x
c_mbs_middle_wall;Средняя Стена;x
b_mbs_middlewalls;Серо-Гранитная Стена;x
b_mbs_middlewalls_1;Квартала Моряков;x
b_mbs_middlewalls_2;Бойцовых Ям;x
b_mbs_middlewalls_3;Садов Гехане;x
b_mbs_middlewalls_4;Железные Врата;x
b_mbs_middlewalls_5;Дома Печали;x
b_mbs_middlewalls_6;Верблюжьи Пастбища;x
c_mbs_innermost_wall;Внутренняя Стена;x
b_mbs_innermostwalls;Чёрно-Мраморная Стена;x
b_mbs_innermostwalls_1;Большой Базар;x
b_mbs_innermostwalls_2;Большая Галерея;x
b_mbs_innermostwalls_3;Путь Колдунов;x
b_mbs_innermostwalls_4;Памяти;x
b_mbs_innermostwalls_5;Бронзовая Арка;x
b_mbs_innermostwalls_6;Нефритовая Площадь;x
d_jade_gate;Нефритовые Врата;x
c_jadegate;Нефритовые Врата;x
b_jadegate_castle;Нефритовые Врата;x
b_jadegate;Нефритовые Врата;x
b_jadegate_temple;Нефритовые Врата;x
c_bawrashar;Баврашар;x
b_bawrashar_castle;Баврашар;x
b_bawrashar;Баврашар;x
b_bawrashar_temple;Баврашар;x
d_qal;Квал;x
c_qal;Квал;x
b_fort_qal;Форт Квал;x
b_west_qal;Западный Квал;x
b_east_qal;Восточный Квал;x
b_qal_temple;Квал;x
c_jadepoint;Нефритовый Мыс;x
b_jadepoint;Нефритовый Мыс;x
b_jadepoint_castle;Нефритовый Мыс;x
b_jadepoint_temple;Нефритовый Мыс;x
d_qarkash;Кваркаш;x
c_qarkash;Кваркаш;x
b_qarkash;Кваркаш;x
b_qarkash_city;Кваркаш;x
b_qarkash_temple;Кваркаш;x
c_cape_of_skulls;Мыс Черепов;x
b_cape_of_skulls_castle;Мыс Черепов;x
b_cape_of_skulls;Мыс Черепов;x
b_cape_of_skulls_temple;Мыс Черепов;x
c_qolahn;Кволан;x
b_qolahn;Кволан;x
b_qolahn_city;Кволан;x
b_qolahn_temple;Кволан;x
d_port_yhos;Порт Ихос;x
c_port_yhos;Порт Ихос;x
b_port_yhos;Порт Ихос;x
b_port_yhos_city;Порт Ихос;x
b_port_yhos_temple;Порт Ихос;x
c_makhrosh;Макхрош;x
b_makhrosh;Макхрош;x
b_makhrosh_city;Макхрош;x
b_makhrosh_temple;Макхрош;x
d_toqolarth;Токволарт;x
c_toqolarth;Токволарт;x
b_toqolarth;Токволарт;x
b_toqolarth_city;Токволарт;x
b_toqolarth_temple;Токволарт;x
c_nechos;Некхос;x
b_nechos;Некхос;x
b_nechos_city;Некхос;x
b_nechos_temple;Некхос;x
c_old_waste_road;Тракт Старой Пустоши;x
b_old_waste_road;Красная Крепость;x
k_hyrkoon;Гиркун;x
k_hyrkoon_adj;Гиркунск;x
d_kayakayanaya;Каякаяная;x
c_kayakayanaya;Каякаяная;x
b_kayakayanaya;Каякаяная;x
b_kayakayanaya_city;Каякаяная;x
b_kayakayanaya_temple;Каякаяная;x
c_steelroad;Стальной тракт;x
b_steelroad;Стальной тракт;x
b_steelroad_city;Стальной тракт;x
b_steelroad_temple;Стальной тракт;x
c_matakur;Матакур;x
b_matakur;Матакур;x
b_matakur_city;Матакур;x
b_matakur_temple;Матакур;x
d_samyriana;Самириана;x
c_samyriana;Самириана;x
b_samyriana;Самириана;x
b_samyriana_city;Самириана;x
b_samyriana_temple;Самириана;x
c_samyriananfields;Зарафана;x
b_samyriananfields;Зарафана;x
b_samyriananfields_city;Зарафана;x
b_samyriananfields_temple;Зарафана;x
c_e_stoneroad;Каменный тракт;x
b_e_stoneroad;Каменный тракт;x
b_e_stoneroad_city;Каменный тракт;x
b_e_stoneroad_temple;Каменный тракт;x
c_great_sand_road;Великий Песчаный тракт;x
b_great_sand_road;Великий Песчаный тракт;x
d_bayasabhad;Баясабад;x
c_bayasabhad;Баясабад;x
b_bayasabhad;Баясабад;x
b_bayasabhad_city;Баясабад;x
b_bayasabhad_temple;Баясабад;x
c_bayasabhadifields;Тасбад;x
b_bayasabhadifields;Тасбад;x
b_bayasabhadifields_city;Тасбад;x
b_bayasabhadifields_temple;Тасбад;x
c_sandroad;Песчаный тракт;x
b_sandroad;Песчаный тракт;x
b_sandroad_city;Песчаный тракт;x
b_sandroad_temple;Песчаный тракт;x
d_adakhakileki;Йинишар;x
c_adakhakileki;Адакхакилеки;x
b_adakhakileki;Адакхакилеки;x
b_adakhakileki1;Адакхакилеки;x
b_adakhakileki2;Адакхакилеки;x
b_adakhakileki3;Адакхакилеки;x
c_w_stoneroad;Западный каменный тракт;x
b_w_stoneroad;Западный каменный тракт;x
b_w_stoneroad1;Западный каменный тракт;x
b_w_stoneroad2;Западный каменный тракт;x
c_yinishar;Йинишар;x
b_yinishar;Йинишар;x
b_yinishar1;Йинишар;x
b_yinishar2;Йинишар;x
b_yinishar3;Йинишар;x
b_yinishar4;Йинишар;x
e_dawn;Заря;x
e_dawn_adj;Зар;x
e_yi_ti;И-Ти;x
e_yi_ti_adj;И-Тийск;x
k_yin;Инь;x
d_yin;Инь;x
c_yin;Инь;x
b_yin;Инь;x
b_yin_city;Инь;x
b_walls_yin;Фузоу;x
b_yin_harbour;Цинь;x
b_yin_market;Пингинь;x
b_yin_temple;Инь;x
c_coast_yin;Каразуй-Шан;x
b_coast_yin;Каразуй-Шан;x
b_coast_yin_city;Каразуй-Шан;x
b_coast_yin_temple;Каразуй-Шан;x
c_cape_yin;Ксиан-Ки;x
b_cape_yin;Ксиан-Ки;x
b_cape_yin_city;Ксиан-Ки;x
b_cape_yin_temple;Ксиан-Ки;x
c_jade_road;Нефритовый путь;x
b_jade_road;Нефритовый путь;x
b_jade_road_city;Нефритовый путь;x
b_jade_road_temple;Нефритовый путь;x
d_hidden_city;Си-Цо;x
c_hidden_city;Си-Цо;x
b_hidden_city;Си-Цо;x
b_hidden_city_city;Си-Цо;x
b_hidden_city_temple;Си-Цо;x
c_south_yitijungle;Хен-Куй;x
b_south_yitijungle;Хен-Куй;x
b_south_yitijungle_city;Хен-Куй;x
b_south_yitijungle_temple;Хен-Куй;x
c_bay_leng;Кизуй-Шан;x
b_bay_leng;Кизуй-Шан;x
b_bay_leng_city;Кизуй-Шан;x
b_bay_leng_temple;Кизуй-Шан;x
c_isle_of_whips;Остров Кнутов;x
b_isle_of_whips;Остров Кнутов;x
b_isle_of_whips_city;Остров Кнутов;x
b_isle_of_whips_temple;Остров Кнутов;x
k_jinqi;Цзиньци;x
d_jinqi;Цзиньци;x
c_jinqi;Цзиньци;x
b_jinqi;Цзиньци;x
b_jinqi_city;Стены Цзинь-Ки;x
b_walls_jinqi;Каралиэнг;x
b_jinqi_harbour;Тангкси;x
b_jinqi_market;Цзянги;x
b_jinqi_temple;Хэнглин;x
c_sarahai;Сарахай;x
b_sarahai;Сарахай;x
b_sarahai_city;Сарахай;x
b_sarahai_temple;Сарахай;x
c_darakesh;Квинь-Хи;x
b_darakesh;Квинь-Хи;x
b_darakesh_city;Квинь-Хи;x
b_darakesh_temple;Квинь-Хи;x
c_shadow_plains;Теневой Порт;x
b_shadow_plains;Теневой Порт;x
b_shadow_plains_city;Теневой Порт;x
b_shadow_plains_temple;Теневой Порт;x
d_yiti_delta;Фэн-Куй;x
c_yiti_delta;Фэн-Куй;x
b_yiti_delta;Фэн-Куй;x
b_yiti_delta_city;Фэн-Куй;x
b_yiti_delta_temple;Фэн-Куй;x
c_jungle_vines;Зоамен;x
b_jungle_vines;Зоамен;x
b_jungle_vines_city;Зоамен;x
b_jungle_vines_temple;Зоамен;x
k_tiqui;Тикуй;x
d_tiqui;Тикуй;x
c_tiqui;Тикуй;x
b_tiqui;Тикуй;x
b_tiqui_city;Тикуй;x
b_walls_tiqui;Тэнхуа;x
b_tiqui_market;Юэзи;x
b_tiqui_temple;Тикуй;x
c_telahai;Телахай;x
b_telahai;Телахай;x
b_telahai_city;Телахай;x
b_telahai_temple;Телахай;x
c_zanisshi;Занисси;x
b_zanisshi;Занисси;x
b_zanisshi_city;Занисси;x
b_zanisshi_temple;Занисси;x
c_western_jungle_yiti;Цзинь-Кху;x
b_western_jungle_yiti;Цзинь-Кху;x
b_western_jungle_yiti_city;Цзинь-Кху;x
b_western_jungle_yiti_temple;Цзинь-Кху;x
d_hills_tiqui;Нан-Ки;x
c_hills_tiqui;Нан-Ки;x
b_hills_tiqui;Нан-Ки;x
b_hills_tiqui_city;Нан-Ки;x
b_hills_tiqui_temple;Нан-Ки;x
c_road_tiqui;Шаогонг;x
b_road_tiqui;Шаогонг;x
b_road_tiqui_city;Шаогонг;x
b_road_tiqui_temple;Шаогонг;x
k_linqi;Лин-Ки;x
d_linqi;Лин-Ки;x
c_linqi;Лин-Ки;x
b_linqi;Лин-Ки;x
b_linqi_city;Лин-Ки;x
b_linqi_temple;Лин-Ки;x
b_linqi_market;Чанчунь;x
b_walls_linqi;Цзаучжинг;x
c_gayanayalla;Гаян;x
b_gayanayalla;Гаян;x
b_gayanayalla_city;Гаян;x
b_gayanayalla_temple;Гаян;x
c_central_jungle_yiti;Тайчен;x
b_central_jungle_yiti;Тайчен;x
b_central_jungle_yiti_city;Тайчен;x
b_central_jungle_yiti_temple;Тайчен;x
d_linqi_jungle;Ван-Ти;x
c_hidden_jungles;Ван-Ти;x
b_hidden_jungles;Ван-Ти;x
b_hidden_jungles_city;Ван-Ти;x
b_hidden_jungles_temple;Ван-Ти;x
c_yiti_wetlands;Фун-И;x
b_yiti_wetlands;Фун-И;x
b_yiti_wetlands_city;Фун-И;x
b_yiti_wetlands_temple;Фун-И;x
c_jade_jungle;Ксинь-Зихуа;x
b_jade_jungle;Ксинь-Зихуа;x
b_jade_jungle_city;Ксинь-Зихуа;x
b_jade_jungle_temple;Ксинь-Зихуа;x
k_piqui;Пикуй;x
d_piqui;Пикуй;x
c_piqui;Пикуй;x
b_piqui;Пикуй;x
b_piqui_city;Пикуй;x
b_piqui_temple;Пикуй;x
b_walls_piqui;Джин;x
b_piqui_market;Джинхай;x
c_ramasar;Рамасар;x
b_ramasar;Рамасар;x
b_ramasar_city;Рамасар;x
b_ramasar_temple;Рамасар;x
d_piqui_jungle;Хезиин;x
c_hrazeffer;Хезиин;x
b_hrazeffer;Хезиин;x
b_hrazeffer_city;Хезиин;x
b_hrazeffer_temple;Хезиин;x
c_oholat;Охолат;x
b_oholat;Охолат;x
b_oholat_city;Охолат;x
b_oholat_temple;Охолат;x
k_xin;Ксин;x
d_xin;Ксин;x
c_xin;Ксин;x
b_xin;Ксин;x
b_xin_city;Ксин;x
b_xin_temple;Ксин;x
b_walls_xin;Цинтоу;x
b_xin_market;Хэншань;x
c_kolverikh;Баоми;x
b_kolverikh;Баоми;x
b_kolverikh_city;Баоми;x
b_kolverikh_temple;Баоми;x
c_north_jungle_yiti;Цзян-Ма;x
b_north_jungle_yiti;Цзян-Ма;x
b_north_jungle_yiti_city;Цзян-Ма;x
b_north_jungle_yiti_temple;Цзян-Ма;x
d_north_xin;Фуджин;x
c_fatilat;Фуджин;x
b_fatilat;Фуджин;x
b_fatilat_city;Фуджин;x
b_fatilat_temple;Фуджин;x
c_qeso;Тан-Куй;x
b_qeso;Тан-Куй;x
b_qeso_city;Тан-Куй;x
b_qeso_temple;Тан-Куй;x
k_trader_town;Торговый город;x
d_trader_town;Торговый город;x
c_trader_town;Торговый город;x
b_trader_town;Торговый город;x
b_trader_town_city;Торговый город;x
b_trader_town_temple;Торговый город;x
b_trader_town1;Линксин;x
b_trader_town2;Дуайки;x
b_trader_town3;Гонгай;x
c_north_trade_road;Йуэкихар;x
b_north_trade_road;Йуэкихар;x
b_north_trade_road_city;Йуэкихар;x
b_north_trade_road_temple;Йуэкихар;x
c_south_trade_road;Фурамай;x
b_south_trade_road;Фурамай;x
b_south_trade_road_city;Фурамай;x
b_south_trade_road_temple;Фурамай;x
c_melikh;Меликх;x
b_melikh;Меликх;x
b_melikh_city;Меликх;x
b_melikh_temple;Меликх;x
k_the_five_forts;Пять Крепостей;x
k_the_five_forts_adj;Пять Крепостей;x
d_the_five_forts;Пять Крепостей;x
d_the_five_forts_adj;Пять Крепостей;x
c_the_five_forts;Золотая Крепость;x
b_golden_fort;Золотая Крепость;x
b_bleeding_fort;Кровяная Крепость;x
b_black_fort;Черная Крепость;x
b_lion_fort;Львиная Крепость;x
b_east_fort;Восточная Крепость;x
c_pass_of_the_morn;Рассветный перевал;x
b_pass_of_the_morn;Рассветный перевал;x
b_pass_of_the_morn_city;Рассветный перевал;x
b_pass_of_the_morn_temple;Рассветный перевал;x
c_bleeding_marches;Кровяное болото;x
b_bleeding_marches;Кровяное болото;x
b_bleeding_marches_city;Кровяное болото;x
b_bleeding_marches_temple;Кровяное болото;x
d_grey_waste_raiders;Налетчики Серой Пустоши;x
k_leng;Лэнг;x
d_north_leng;Лэнг И;x
c_leng_yi;Лэнг И;x
b_leng_yi;Лэнг И;x
b_leng_yi_city;Лэнг И;x
b_walls_leng_yi;Лэнг Дигра;x
b_leng_yi_harbour;Рокони;x
b_leng_yi_market;Аммуцэба;x
b_leng_yi_temple;Лэнг И;x
c_leng_xotli;Лэнг Ксотли;x
b_leng_xotli;Лэнг Ксотли;x
b_leng_xotli_city;Лэнг Ксотли;x
b_leng_xotli_temple;Лэнг Ксотли;x
d_leng_ma;Лэнг Ма;x
c_leng_ma;Лэнг Ма;x
b_leng_ma;Лэнг Ма;x
b_leng_ma_city;Лэнг Ма;x
b_walls_leng_ma;Лэнг Лам;x
b_leng_ma_harbour;Курпаннга;x
b_leng_ma_temple;Лэнг Ма;x
c_sedmelluqi;Седмеллу-Кви;x
b_sedmelluqi;Седмеллу-Кви;x
b_sedmelluqi_city;Седмеллу-Кви;x
b_sedmelluqi_temple;Седмеллу-Кви;x
d_south_leng;Туррани;x
c_turrani;Туррани;x
b_turrani;Туррани;x
b_turrani_city;Туррани;x
b_walls_turrani;Шаураш-Хо;x
b_turrani_harbour;Ктулхи;x
b_turrani_temple;Туррани;x
c_dendrrah;Дендррах;x
b_dendrrah;Дендррах;x
b_dendrrah_city;Дендррах;x
b_dendrrah_temple;Дендррах;x
c_manticore_isles;Мантикоровы острова;x
b_manticore_isles;Большая Мантикора;x
b_manticore_isles_city;Мантикоровы острова;x
b_manticore_isles_temple;Нефритовый остров;x
d_marahai;Марахай;x
c_marahai;Марахай;x
b_marahai;Марахай;x
b_marahai_city;Марахай;x
b_marahai_temple;Марахай;x
k_asabhad;Азабад;x
k_asabhad_adj;Азабадск;x
d_asabhad;Азабад;x
c_asabhad;Азабад;x
b_asabhad;Азабад;x
b_asabhad_city;Азабад;x
b_asabhad_harbour;Гавань Азабада;x
b_asabhad_temple;Азабад;x
c_asabhadihills;Гирнайя;x
b_asabhadihills;Гирнайя;x
b_asabhadihills_city;Гирнайя;x
b_asabhadihills_temple;Гирнайя;x
c_asabhadifields;Каравана;x
b_asabhadifields;Каравана;x
b_asabhadifields_city;Каравана;x
b_asabhadifields_temple;Каравана;x
c_abaj;Абадж;x
b_abaj;Абадж;x
b_abaj_city;Абадж;x
b_abaj_temple;Абадж;x
k_moraq;Морак;x
k_moraq_adj;Моракск;x
d_faros;Фарос;x
c_faros;Фарос;x
b_faros;Фарос;x
b_faros_city;Фарос;x
b_walls_faros;Гесбхад;x
b_faros_harbour;Гавань Фароса;x
b_faros_temple;Фарос;x
c_sielekar;Силекар;x
b_sielekar;Силекар;x
b_sielekar_city;Силекар;x
b_sielekar_temple;Силекар;x
c_hekkon;Хеккон;x
b_hekkon;Хеккон;x
b_hekkon_city;Хеккон;x
b_hekkon_temple;Хеккон;x
b_hekkon_city2;Хеккон;x
c_nahos;Нахос;x
b_nahos;Нахос;x
b_nahos_city;Нахос;x
b_nahos_temple;Нахос;x
d_port_moraq;Порт Морак;x
c_port_moraq;Порт Морак;x
b_port_moraq;Порт Морак;x
b_port_moraq_city;Порт Морак;x
b_port_moraq_harbour;Гавань Морака;x
b_port_moraq_temple;Порт Морак;x
c_nuranji;Нур-Анджи;x
b_nuranji;Нур-Анджи;x
b_nuranji_city;Нур-Анджи;x
b_nuranji_temple;Нур-Анджи;x
c_zaffalor;Заффалор;x
b_zaffalor;Заффалор;x
b_zaffalor_city;Заффалор;x
b_zaffalor_temple;Заффалор;x
d_vahar;Вахар;x
c_vahar;Вахар;x
b_vahar;Вахар;x
b_vahar_city;Вахар;x
b_vahar_harbour;Гавань Вахара;x
b_vahar_temple;Вахар;x
c_pongar;Понгар;x
b_pongar;Понгар;x
b_pongar_city;Понгар;x
b_pongar_temple;Понгар;x
c_draccar;Драккар;x
b_draccar;Драккар;x
b_draccar_city;Драккар;x
b_draccar_temple;Драккар;x
d_zabhad;Забхад;x
c_zabhad;Остров Слонов;x
b_zabhad;Дворец Слоновой Кости;x
b_zabhad_city;Забхад;x
b_zabhad_harbour;Гавань Забхада;x
b_zabhad_temple;Забхад;x
c_cinnamon_isles;Пряный остров;x
b_cinnamon_isles;Пряный остров;x
b_cinnamon_isles_city;Пряный остров;x
b_cinnamon_isles_temple;Пряный остров;x
k_lhazar;Лхазар;x
k_lhazar_adj;Лхазарянск;x
d_lhazosh;Лхазош;x
c_lhazosh;Лхазош;x
b_lhazosh;Лхазош;x
b_lhazosh_castle;Лхазош;x
b_lhazosh_temple;Лхазош;x
c_hoshorak;Хошорак;x
b_hoshorak;Хошорак;x
b_hoshorak_castle;Хошорак;x
b_hoshorak_temple;Хеш;x
c_olta_drogaki;Олта Дрогаки;x
b_olta_drogaki;Олта Дрогаки;x
b_olta_drogaki_castle;Олта Дрогаки;x
b_olta_drogaki_temple;Олта Дрогаки;x
c_selchar;Селчар;x
b_selchar;Селчар;x
b_selchar_castle;Селчар;x
b_selchar_temple;Селчар;x
d_hesh;Хеш;x
c_hesh;Хеш;x
b_hesh;Хеш;x
b_hesh_castle;Хеш;x
b_hesh_temple;Атакош;x
c_atakosh;Атакош;x
b_atakosh;Атакош;x
b_atakosh_castle;Атакош;x
b_atakosh_temple;Атакош;x
d_kosrak;Косрак;x
c_kosrak;Косрак;x
b_kosrak;Косрак;x
b_kosrak_castle;Косрак;x
b_kosrak_temple;Косрак;x
c_virzosh;Вирзош;x
b_virzosh;Вирзош;x
b_virzosh_castle;Вирзош;x
b_virzosh_temple;Вирзош;x
k_nghai;Н'гай;x
k_nghai_adj;Н'гай;x
d_nghai;У Моссовии;x
c_northpoint;Мыс Сабра;x
b_northpoint;Мыс Сабра;x
b_northpoint_city;Мыс Сабра;x
b_northpoint_temple;Мыс Сабра;x
c_west_nghai;Малшен;x
b_west_nghai;Малшен;x
b_west_nghai_city;Малшен;x
b_west_nghai_temple;Малшен;x
c_east_nghai;Чак Харадж;x
b_east_nghai;Чак Харадж;x
b_east_nghai_city;Чак Харадж;x
b_east_nghai_temple;Чак Харадж;x
d_nefer;Нефер;x
c_nefer;Нефер;x
b_nefer;Нефер;x
b_nefer_city;Нефер;x
b_nefer_harbour;Тибба;x
b_nefer_temple;Нефер;x
c_fields_nefer;Вэрия;x
b_fields_nefer;Вэрия;x
b_fields_nefer_city;Вэрия;x
b_fields_nefer_temple;Вэрия;x
c_bay_nefer;Джанфиала;x
b_bay_nefer;Джанфиала;x
b_bay_nefer_city;Джанфиала;x
b_bay_nefer_temple;Джанфиала;x
c_thousand_islands;Тысяча Островов;x
b_thousand_islands;Тысяча Островов;x
b_thousand_islands_city;Тысяча Островов;x
b_thousand_islands3;Тысяча Островов;x
b_thousand_islands4;Тысяча Островов;x
d_carcosa_raiders;Налетчики Каркосы;x
b_antaryon;Антарион;x
b_prestayn;Престайн;x
b_tendyris;Тендирис;x
b_fregar;Фрегар;x
b_volentin;Рейян;x
b_maegyr;Мейгир;x
b_vaelaros;Вейларос;x
b_vhassar;Вассар;x
b_paenymion;Пенимион;x
b_qhaedar;Кедар;x
b_staegone;Стейгон;x
b_tagaros;Тагарос;x
b_ormollen;Ормоллен;x
b_rogare;Рогаре;x
b_haen;Хейн;x
b_erosenes;Эросенес;x
b_lohar;Лохар;x
b_tumitis;Тумитис;x
b_uhoris;Ухорис;x
b_zokan;Зокан;x
b_adarys;Адарис;x
b_ryndoon;Риндун;x
b_rhegan;Реган;x
b_lornel;Лорнель;x
b_trellos;Треллос;x
b_uteuran;Утейран;x
b_drahar;Драхар;x
b_mopatis;Мопатис;x
b_thelis;Телис;x
b_dhan;Д'хан;x
b_arsenys;Нарратис;x
b_myrakis;Миракис;x
b_estatis;Эстатис;x
b_naylan;Найлан;x
b_reltis;Релтис;x
b_oloryon;Олорион;x
b_lathtis;Латтис;x
b_vazollen;Вазоллен;x
b_daryth;Дарит;x
b_nyelossos;Ниэлоссос;x
b_votyris;Вотирис;x
b_morvdys;Морвдис;x
b_narlan;Нарлан;x
b_zhander;Зандер;x
b_reymnos;Реймнос;x
b_togott;Тоготт;x
b_baroat;Бароат;x
b_qarit;Кварит;x
b_reznak;мо Резнак;x
b_loraq;зо Лорак;x
b_kandaq;мо Кандак;x
b_galare;зо Галар;x
b_pahl;зо Паль;x
b_yunzak;зо Юнзак;x
b_qaggaz;зо Каггаз;x
b_eraz;зо Эраз;x
b_myraq;зо Мирак;x
b_rhaezn;зо Раэзн;x
b_grazdhan;мо Граздан;x
b_nakloz;мо Наклоз;x
b_ullhor;мо Улльхор;x
b_grazlar;зо Гразлар;x
b_mazlaq;зо Мазлак;x
b_daxos;Даксос;x
b_aramaxos;Арамаксос;x
b_sothanon;Сотанон;x
b_qar_kis;Квар Кис;x
b_qar_qethos;Квар Кветос;x
b_merelos;Мерелос;x
b_barthos;Бартос;x
b_exos;Эксос;x
b_duqathon;Дукатон;x
b_vaqarawan;Вакараван;x
b_qar_veth;Квар Вет;x
b_alegos;Алегос;x
b_hayasawan;Хайасаван;x
b_matathon;Мататон;x
b_qar_xath;Квар Ксат;x
b_moth;Мот;x
b_adiur;Адиур;x
d_kingsmoot;Вече;x
d_hyrkoon;Гиркун;x
c_hyrkoon;Гиркун;x
b_hyrkoon;Гиркун;x
b_hyrkoon_city;Гиркун;x
b_hyrkoon_temple;Гиркун;x
c_talina;Талина;x
b_talina;Талина;x
b_talina_city;Талина;x
b_talina_temple;Талина;x
c_basalam;Басалам;x
b_basalam;Басалам;x
b_basalam_city;Басалам;x
b_basalam_temple;Басалам;x
e_summer_sea;Летнее Море;x
k_summer_islands;Летние Острова;x
k_summer_islands_adj;Летнеостровитян[GetKaIn];x
d_walano;Валано;x
c_lotus_port;Лотосовый Порт;x
b_summer_palace;Летний Дворец;x
b_lotus_port;Лотосовый Мыс;x
b_the_summer_temple;Лето;x
b_lotus_hill;Лотосовый Холм;x
b_summervale;Летняя Долина;x
c_ambershore;Янтарный Берег;x
b_summervine;Летнее Вино;x
b_sweet_harbour;Сладкая Гавань;x
b_shorerise;Восходящий Берег;x
b_belunon;Белунон;x
c_jalabuxon;Джалабуксон;x
b_redfletcher;Красный Флетчер;x
b_jala_cave;Пещера Джала;x
b_orxon;Орксон;x
c_isle_of_women;Остров Женщин;x
b_fair_hill;Ясный Холм;x
b_whorestown;Город Шлюх;x
b_prerunon;Прерунон;x
b_isle_of_women4;Оуаромо;x
d_last_lament;Прощальный Плач;x
c_last_lament;Прощальный Плач;x
b_last_keep;Прощальная Крепость;x
b_last_lament;Прощальный Плач;x
b_ardor;Ардор;x
b_jerunon;Джерунон;x
b_kyxon;Киксон;x
c_lotus_valley;Долина Лотоса;x
b_lilac_hill;Лиловая Роща;x
b_xhon_orchard;Ксонула;x
b_lotusbridge;Лотосовый Мост;x
b_lotus_valley4;Зиниалого;x
c_stonehead;Каменная Голова;x
b_stonehead;Каменная Голова;x
b_stonecliff;Каменный Утес;x
b_stonehead3;Эффинтаму;x
c_mantisleaf;Джхахар;x
b_lumbersloft;Бревенчатая Вершина;x
b_mantistone;Камень Богомола;x
b_mantisleaf;Листья Богомола;x
d_tall_trees_valley;Город Высоких Деревьев;x
c_tall_trees_town;Город Высоких Деревьев;x
b_tall_tree_hall;Зал Высоких Деревьев;x
b_tall_trees_town;Город Высоких Деревьев;x
b_the_trees;Деревья;x
b_wydoj;Видодж;x
b_etujon;Этуджон;x
c_the_citrus_coves;Цитрусовые Рощи;x
b_noj;Нодж;x
b_treecross;Деревянный Крест;x
b_lime_cove;Лаймовая Бухта;x
b_the_citrus_coves4;Агбогу;x
c_kone_forest;Лес Коне;x
b_kone_keep;Крепость Коне;x
b_jolkunon;Джолкунон;x
b_crosstree;Деревянный Крест;x
c_koj;Кодж;x
b_pearl_palace;Жемчужный Дворец;x
b_koj_harbour;Гавань Кодж;x
b_the_arrows;Стрелы;x
b_prurunon;Прурунон;x
b_agraxon;Аграксон;x
b_kojalu;Коджалу;x
c_isle_of_birds;Остров Птиц;x
b_tucano;Тукано;x
b_blackfletcher;Чёрный Флетчер;x
b_the_birds;Птицы;x
b_flock_hill;Стадный Холм;x
b_horizon_point;Мыс Горизонт;x
d_sweet_lotus_vale;Долина Сладкого Лотоса;x
c_ebonhead;Эбеновая Голова;x
b_ebon_rock;Эбеновая Скала;x
b_ebonhead;Эбеновая Голова;x
b_the_vales;Долины;x
b_arrowgate;Ворота Стрелы;x
b_ulon;Улон;x
c_sweetwater;Пресноводье;x
b_sweet_keep;Сладкая Крепость;x
b_lemonfield;Лимонное Поле;x
b_taqhalo;Таквало;x
b_rerranu;Реррану;x
b_sweetwater5;Юбанкоро;x
c_lotus_hills;Лотусовые Холмы;x
b_valeswatch;Дозор Долины;x
b_kojhanu;Коджану;x
b_wethill;Ветхилл;x
b_lotus_hills4;Каблеруу;x
c_doquu;Докуу;x
b_doqunon;Доквунон;x
b_far_harbour;Далекая Гавань;x
b_misanu;Мисану;x
b_dwijuu;Двиджуу;x
d_west_jhala;Западная Джала;x
c_bloodwood;Кровавый Лес;x
b_blood_keep;Кровавая Крепость;x
b_kilipulo;Килипуло;x
b_the_sea;Море;x
b_bowsmouth;Устье Стрелы;x
b_bloodwood5;Ассарма;x
c_golden_mountains;Золотые Горы;x
b_featherbush;Чаща Перьев;x
b_isle_of_quivers;Остров Дрожи;x
b_mount_lejabu;Гора Леджабу;x
b_golden_mountains4;Умагбуу;x
d_parrot_bay;Бухта Попугаев;x
c_parrotshore;Берег Попугаев;x
b_moparulu;Мопарулу;x
b_parrotport;Порт Попугаев;x
b_the_parrots;Попугаи;x
b_jeranulu;Джеранулу;x
c_the_bones;Кости;x
b_great_bone;Великая Кость;x
b_green_bone;Зеленая Кость;x
b_summer_bone;Летняя Кость;x
b_red_bone;Красная Кость;x
b_south_bone;Южная Кость;x
c_xon;Ксон;x
b_tower_of_xon;Башня Ксон;x
b_azurulon;Азурулон;x
b_monkey_harbour;Гавань Обезьян;x
b_pevulon;Певулон;x
c_ebonhills;Эбеновые Холмы;x
b_ebonwatch;Эбеновый Дозор;x
b_ebontown;Эбеновый Город;x
b_ebonhills3;Вукамбо;x
d_indigo_straits;Индиговый пролив;x
c_indigoshore;Берег Индиго;x
b_shorestower;Береговая Башня;x
b_inhula_bay;Залив Инула;x
b_ajarulo;Аджаруло;x
b_the_straits;Проливы;x
b_indigoshore5;Ниакодого;x
c_kalalula;Калалула;x
b_kalapool;Калапул;x
b_kalabridge;Мост Кала;x
b_kalalula3;Саластея;x
c_scarlethead;Алая Голова;x
b_scarletcave;Алая Пещера;x
b_scarlet_fort;Алый Форт;x
b_scarlethead3;Синдруу;x
d_red_flower_vale;Долина Алых Цветов;x
c_red_flower_bay;Бухта Алых Цветов;x
b_red_palace;Красный Дворец;x
b_summercove;Летняя Бухта;x
b_the_flowers;Цветы;x
b_nudelnon;Нуделнон;x
b_sevigulu;Севигулу;x
c_jhalavale;Долина Джала;x
b_petal_hill;Холм Лепестков;x
b_sunshadow;Солнечная Тень;x
b_frenaxu;Френаксу;x
c_highgrove;Высокая Роща;x
b_grovesfort;Лесной Форт;x
b_haljuno;Халджуно;x
b_ambercross;Янтарный Крест;x
b_miriralu;Мириралу;x
d_golden_head;Золотая Голова;x
c_goldenheart;Златосерд;x
b_golden_lodge;Золотой Домик;x
b_hearthaven;Сердечная Гавань;x
b_the_goldenhearts;Златосерды;x
b_umunon;Умунон;x
b_goldenheart5;Дату;x
c_tamarinu;Тамарину;x
b_bownulu;Бонулу;x
b_golden_nest;Золотое Гнездо;x
b_iguanulo;Игуануло;x
b_lizardhole;Дыра Ящера;x
b_elders_house;Дом Предков;x
c_rotu_forest;Лес Роту;x
b_rotuxon;Ротуксон;x
b_lumberscross;Древесный Крест;x
b_kedulo;Кедуло;x
d_the_three_exiles;Три Изгнанника;x
c_the_singing_stones;Поющие Камни;x
b_singstone;Поющий Камень;x
b_passioncove;Бухта Страсти;x
b_bountystone;Щедрый Камень;x
b_drumstone;Стучащий Камень;x
c_golden_exile;Золотой Изгнанник;x
b_hall_of_exiles;Зал Изгнанников;x
b_capybaral;Капибарал;x
b_the_islands;Острова;x
b_goldtree;Золотое Древо;x
c_little_exile;Малый Изгнанник;x
b_feathersrock;Скала Перьев;x
b_little_bay;Маленький Залив;x
b_abiliru;Абилиру;x
c_orange_exile;Оранжевый Изгнанник;x
b_westwake;Бдение Запада;x
b_nyrolu_grove;Роща Ниролу;x
b_zivudo;Зивудо;x
d_moluu;Молуу;x
c_moluu;Молуу;x
b_monyuxon;Мониуксон;x
b_port_moluu;Порт Молуу;x
b_coupling;Совокупление;x
b_passion_bay;Бухта Страсти;x
b_paranulon;Паранулон;x
c_isle_of_love;Остров Любви;x
b_lovers_den;Логово Любовников;x
b_loroxhal;Лороксал;x
b_ecstasy;Экстази;x
b_hidden_beach;Скрытый Пляж;x
c_fragrant_isle;Благоуханный Остров;x
b_fragrant_house;Благоуханный Дом;x
b_golden_nose;Золотой Нос;x
d_omburu;Омбуру;x
c_qetzalu;Кветзалу;x
b_qetzalu_hill;Холм Кветзалу;x
b_green_gorge;Зеленая Теснина;x
c_heartvale;Сердечная Долина;x
b_heart_hall;Зал Сердца;x
b_ombunu;Омбуну;x
b_plenty;Изобилие;x
b_alejuno;Аледжуно;x
c_naked_forest;Обнаженный Лес;x
b_naked_den;Обнаженное Логово;x
b_jalloxhu;Джаллоксу;x
c_smiling_cliffs;Улыбчивые Скалы;x
b_agbeluxon;Агбелуксон;x
b_smiling_watch;Улыбчивый Дозор;x
c_xhala;Ксала;x
b_xhalalu;Ксалалу;x
b_turakuno;Туракуно;x
b_monkeys_den;Логово Обезьян;x
c_cape_omburu;Мыс Омбуру;x
b_quiversbush;Роща Колчан;x
b_lovershead;Любовничья Голова;x
k_basilisk_isles;Острова Василиска;x
k_basilisk_isles_adj;Острова Василиска;x
d_gogossos;Гогоссос;x
c_gogossos;Гогоссос;x
c_gogossos_adj;Гогоссос;x
b_gogossos;Гогоссос;x
b_gogossos_castle;Гогоссос;x
b_gogossos_temple;Гогоссос;x
b_gogossos_4;Бандос;x
b_gogossos_5;Порт Василиска;x
b_gogossos_6;Эрелнир;x
b_gogossos_7;Гестиос;x
d_western_isles;Западные острова;x
c_isleserpents;Змеиный остров;x
b_isleserpents;Змеиный остров;x
b_isleserpentstown;Змеиный остров;x
c_qoprak;Остров Мух;x
b_qoprak;Остров Мух;x
b_qopraktown;Кво'Прак;x
c_deathisle;Остров Смерти;x
b_deathisle;Остров Смерти;x
b_deathisletown;Кровянка;x
d_three_snakes;Три змеи;x
c_finger_bone;Василискова Кость;x
b_finger_bone;Василискова Кость;x
c_islemonkeys;Коготь;x
b_islemonkeys;Коготь;x
b_islemonkeystown;Меновый Берег;x
c_isle_of_mangroves;Мангровый Остров;x
b_isle_of_mangroves;Мангровый Остров;x
d_howling_isles;Воющие Острова;x
c_taressyar;Ревущая Гора;x
b_taressyar;Ревущая Гора;x
b_taressyartown;Тарессияр;x
c_chain_pits;Цепные Ямы;x
b_chain_pits;Цепные Ямы;x
d_blackstone_islands;Острова Чёрного Камня;x
c_isleoftoads;Остров Жаб;x
b_isleoftoads;Остров Жаб;x
b_isleoftoadstown;Разбойная гавань;x
c_isleofvines;Остров Вина;x
b_isleofvines;Остров Вина;x
b_isleofvinestown;Шлюхина Дыра;x
d_zamoyos_isles;Острова Замойос;x
c_isle_of_worms;Остров Червей;x
b_isle_of_worms;Остров Червей;x
c_isle_of_sharks;Остров Акул;x
b_isle_of_sharks;Остров Акул;x
c_isle_of_lizards;Остров Ящериц;x
b_isle_of_lizards;Остров Ящериц;x
d_eastern_isles;Восточные острова;x
c_skullisland;Остров Черепов;x
b_skullisland;Остров Черепов;x
b_skullislandtown;Остров Черепов;x
c_axisle;Топор;x
b_axisle;Топор;x
b_axisletown;Хлев;x
d_central_isles;Центральные Острова;x
c_venom_rock;Ядовитая Скала;x
b_venom_rock;Ядовитая Скала;x
c_sorrow_rock;Скала Скорби;x
b_sorrow_rock;Скала Скорби;x
c_jungle_port;Порт Джунглей;x
b_jungle_port;Порт Джунглей;x
c_bitterwater;Горьких Вод;x
b_bitterwater;Горьких Вод;x
d_southern_isles;Южные Острова;x
c_harrower_isle;Остров Харроуэр;x
b_harrower_isle;Остров Харроуэр;x
c_isle_of_fleas;Остров Блох;x
b_isle_of_fleas;Остров Блох;x
k_naath_sb;Наат;x
d_naath;Наат;x
c_naath;Наат;x
b_naath;Наат;x
b_naath_town;Наат;x
b_naath_temple;Наат;x
c_dragonfly_fort;Форт Драгонфлай;x
b_dragonfly;Форт Драгонфлай;x
c_harmonyisle;Остров Гармонии;x
b_harmony_fort;Форт Гармонии;x
b_harmony_city;Гармонии;x
b_harmony_temple;Гармония;x
c_isle_of_lice;Остров Вшей;x
b_isle_of_lice;Остров Вшей;x
b_isle_of_licetown;Бухта Корсаров;x
k_sothoryos;Соториос;x
d_zamettar;Заметтар;x
c_zamettar;Заметтар;x
b_zamettar;Заметтар;x
b_zamettar_castle;Заметтар;x
b_zamettar_temple;Заметтар;x
c_vyarash;Вьяраш;x
b_vyarash;Вьяраш;x
b_vyarash_castle;Вьяраш;x
b_vyarash_temple;Вьяраш;x
d_yeen;Йин;x
c_yeen;Йин;x
b_yeen;Йин;x
b_yeen_castle;Йин;x
b_yeen_temple;Йин;x
c_gomorosh;Гоморош;x
b_gomorosh;Гоморош;x
b_gomorosh_castle;Гоморош;x
b_gomorosh_temple;Гоморош;x
d_gorosh;Горош;x
c_gorosh;Горош;x
b_gorosh;Горош;x
b_gorosh_castle;Горош;x
b_gorosh_temple;Горош;x
c_wyvernpoint;Мыс Виверны;x
b_wyvernpoint;Мыс Виверны;x
b_wyvernpoint_castle;Мыс Виверны;x
b_wyvernpoint_temple;Мыс Виверны;x
c_basiliskpoint;Мыс Василиска;x
b_basiliskpoint;Мыс Василиска;x
b_basiliskpoint_castle;Мыс Василиска;x
b_basiliskpoint_temple;Мыс Василиска;x
d_brindleman_invaders;Вторжение Пятнистых людей;x
b_onuxho;Онуксо;x
b_paenohrin;Пейнорин;x
b_brenaris;Бренарис;x
b_nahion;Нахион;x
b_vhassorlan;Вассориан;x
b_ennyrion;Эннирион;x
k_carcosa;Каркоса;x
d_carcosa;Каркоса;x
c_carcosa;Каркоса;x
b_carcosa;Каркоса;x
b_carcosa_city;Каркоса;x
b_carcosa_temple;Желтый Храм;x
b_walls_carcosa;Желтая Башня;x
b_carcosa_harbour;Сокрытая гавань;x
b_carcosa_market;Рассветный рынок;x
c_hidden_valley;Сокрытая долина;x
b_hidden_valley;Сокрытая крепость;x
b_hidden_valley_city;Желтые поля;x
b_hidden_valley_temple;Солнечные Ступени;x
b_hidden_valley_city_2;Рассветные предгорья;x
c_hidden_shore;Сокрытый берег;x
b_hidden_shore;Сокрытый берег;x
b_hidden_shore_city;Утренний берег;x
b_hidden_shore_temple;Рассвет;x
b_hidden_shore_city_2;Сокрытые пески;x
d_carcosa_pass;Перевал Каркосы;x
c_hidden_fort;Сокрытая Крепость;x
b_hidden_fort;Сокрытая Крепость;x
b_hidden_fort_temple;Сокрытый Храм;x
b_hidden_fort_2;Ворота Каркосы;x
c_river_of_morn;Рассветная река;x
b_river_of_morn;Рассветная река;x
b_river_of_morn_temple;Солнечная река;x
b_river_of_morn_2;Путь Паломника;x
b_river_of_morn_3;Сокрытые Ступени;x
c_hidden_pass;Сокрытый Перевал;x
b_hidden_pass;Сокрытый Перевал;x
b_hidden_pass_temple;Перевал;x
b_hidden_pass_2;Солнечные Ворота;x
c_dosh_khaleen;Дош Кхалин;x
d_dothraki_domain;Дотракийское море;x
e_khalasar;Дотракийское море;x
e_khalasar_adj;Дотракийск;x
k_dothraki;Дотракия;x
k_dothraki_adj;Дотракийск;x
d_vaes_dothrak;Ваэс Дотрак;x
c_vaes_dothrak;Ваэс Дотрак;x
b_vaes_dothrak;Ваэс Дотрак;x
b_vaes_dothrak2;Ваэс Дотрак;x
b_vaes_dothrak3;Ваэс Дотрак;x
b_vaes_dothrak4;Ваэс Дотрак;x
b_vaes_dothrak5;Ваэс Дотрак;x
b_vaes_dothrak6;Ваэс Дотрак;x
c_rhaesh_karlinat;Рхаэш Карлинат;x
b_rhaesh_karlinat;Рхаэш Карлинат;x
b_rhaesh_karlinat2;Рхаэш Карлинат;x
b_rhaesh_karlinat3;Рхаэш Карлинат;x
b_rhaesh_karlinat4;Рхаэш Карлинат;x
c_rhaesh_tehin;Рхаэш Техин;x
b_rhaesh_tehin;Рхаэш Техин;x
b_rhaesh_tehin2;Рхаэш Техин;x
b_rhaesh_tehin3;Рхаэш Техин;x
b_rhaesh_tehin4;Рхаэш Техин;x
d_northern_steppe;Северная степь;x
c_vaes_lotar;Ваэс Лотар;x
b_vaes_lotar;Ваэс Лотар;x
b_vaes_lotar2;Ваэс Лотар;x
b_vaes_lotar3;Ваэс Лотар;x
c_rhaesh_eveth;Рхаэш Эветх;x
b_rhaesh_eveth;Рхаэш Эветх;x
b_rhaesh_eveth2;Рхаэш Эветх;x
b_rhaesh_eveth3;Рхаэш Эветх;x
b_rhaesh_eveth4;Рхаэш Эветх;x
c_rhaesh_negwin;Рхаэш Негвин;x
b_rhaesh_negwin;Рхаэш Негвин;x
b_rhaesh_negwin2;Рхаэш Негвин;x
b_rhaesh_negwin3;Рхаэш Негвин;x
b_rhaesh_negwin4;Рхаэш Негвин;x
d_krazaaj_zasque;Кразаадж Хас;x
c_vaes_krazaaj;Ваэс Кразаадж;x
b_vaes_krazaaj;Ваэс Кразаадж;x
b_vaes_krazaaj2;Ваэс Кразаадж;x
b_vaes_krazaaj3;Ваэс Кразаадж;x
c_vaes_tawakof;Ваэс Тавакоф;x
b_vaes_tawakof;Ваэс Тавакоф;x
b_vaes_tawakof2;Ваэс Тавакоф;x
b_vaes_tawakof3;Ваэс Тавакоф;x
d_krazaaj_niqe;Кразаадж Никве;x
c_krazaaj_niqe;Кразаадж Никве;x
b_krazaaj_niqe;Кразаадж Никве;x
b_krazaaj_niqe2;Кразаадж Никве;x
b_krazaaj_niqe3;Кразаадж Никве;x
c_olta_vizhadi;Олта Вижади;x
b_olta_vizhadi;Олта Вижади;x
b_olta_vizhadi2;Олта Вижади;x
b_olta_vizhadi3;Олта Вижади;x
d_southern_steppe;Южная степь;x
c_rhaesh_najaheya;Рхаэш Наджахея;x
b_rhaesh_najaheya;Рхаэш Наджахея;x
b_rhaesh_najaheya2;Рхаэш Наджахея;x
b_rhaesh_najaheya3;Рхаэш Наджахея;x
c_rhaesh_cheyao;Рхаэш Чеяо;x
b_rhaesh_cheyao;Рхаэш Чеяо;x
b_rhaesh_cheyao2;Рхаэш Чеяо;x
b_rhaesh_cheyao3;Рхаэш Чеяо;x
c_rhaesh_lame;Рхаэш Ламе;x
b_rhaesh_lame;Рхаэш Ламе;x
b_rhaesh_lame2;Рхаэш Ламе;x
b_rhaesh_lame3;Рхаэш Ламе;x
d_rhaesh_jim;Рхаэш Джим;x
c_rhaesh_jano;Рхаэш Джано;x
b_rhaesh_jano;Рхаэш Джано;x
b_rhaesh_jano2;Рхаэш Джано;x
b_rhaesh_jano3;Рхаэш Джано;x
b_rhaesh_jano4;Рхаэш Джано;x
c_rhaesh_dalfe;Рхаэш Далфе;x
b_rhaesh_dalfe;Рхаэш Далфе;x
b_rhaesh_dalfe2;Рхаэш Далфе;x
b_rhaesh_dalfe3;Рхаэш Далфе;x
b_rhaesh_dalfe4;Рхаэш Далфе;x
c_rhaesh_jim;Рхаэш Джим;x
b_rhaesh_jim;Рхаэш Джим;x
b_rhaesh_jim2;Рхаэш Джим;x
b_rhaesh_jim3;Рхаэш Джим;x
d_rhaesh_evronee;Рхаэш Эврони;x
c_rhaesh_os;Рхаэш Ос;x
b_rhaesh_os;Рхаэш Ос;x
b_rhaesh_os2;Рхаэш Ос;x
b_rhaesh_os3;Рхаэш Ос;x
c_rhaesh_hranna;Рхаэш Хранна;x
b_rhaesh_hranna;Рхаэш Хранна;x
b_rhaesh_hranna2;Рхаэш Хранна;x
b_rhaesh_hranna3;Рхаэш Хранна;x
c_vaes_evronee;Ваэс Эврони;x
b_vaes_evronee;Ваэс Эврони;x
b_vaes_evronee2;Ваэс Эврони;x
b_vaes_evronee3;Ваэс Эврони;x
b_vaes_evronee4;Ваэс Эврони;x
k_ifeqevron;Ифекеврон;x
k_ifeqevron_adj;Ифекеврон;x
d_vaes_leisi;Ваэс Леиси;x
c_vaes_leisi;Ваэс Леиси;x
b_vaes_leisi;Ваэс Леиси;x
b_vaes_leisi1;Ваэс Леиси;x
b_vaes_leisi2;Ваэс Леиси;x
b_vaes_leisi3;Ваэс Леиси;x
b_vaes_leisi4;Ваэс Леиси;x
c_dofahkar;Дофакар;x
b_dofahkar;Дофакар;x
b_dofahkar1;Дофакар;x
b_dofahkar2;Дофакар;x
c_arfahkar;Арфакар;x
b_arfahkar;Арфакар;x
b_arfahkar1;Арфакар;x
b_arfahkar2;Арфакар;x
d_west_ifeqevron;Западный Ифекеврон;x
c_chevrak;Чеврак;x
b_chevrak;Чеврак;x
b_chevrak1;Чеврак;x
b_chevrak2;Чеврак;x
c_walrus_point;Моржовый Мыс;x
b_walrus_point;Моржовый Мыс;x
b_walrus_point1;Моржовый Мыс;x
b_walrus_point2;Моржовый Мыс;x
d_east_ifeqevron;Восточный Ифекеврон;x
c_qevrak;Квеврак;x
b_qevrak;Квеврак;x
b_qevrak1;Квеврак;x
b_qevrak2;Квеврак;x
c_vaerakar;Ваэракар;x
b_vaerakar;Ваэракар;x
b_vaerakar1;Ваэракар;x
b_vaerakar2;Ваэракар;x
d_south_ifeqevron;Южный Ифекеврон;x
c_maerakar;Маэракар;x
b_maerakar;Маэракар;x
b_maerakar1;Маэракар;x
b_maerakar2;Маэракар;x
c_qerr;Кверр;x
b_qerr;Кверр;x
b_qerr1;Кверр;x
b_qerr2;Кверр;x
k_khalasar_1;Дотракийцы;x
k_khalasar_2;Дотракийцы;x
k_khalasar_3;Дотракийцы;x
k_khalasar_4;Дотракийцы;x
k_khalasar_5;Дотракийцы;x
k_khalasar_6;Дотракийцы;x
k_khalasar_7;Дотракийцы;x
d_kha_1;Дотракийцы;x
d_kha_2;Дотракийцы;x
d_kha_3;Дотракийцы;x
d_kha_4;Дотракийцы;x
d_kha_5;Дотракийцы;x
d_kha_6;Дотракийцы;x
d_kha_7;Дотракийцы;x
d_kha_8;Дотракийцы;x
d_kha_9;Дотракийцы;x
d_kha_10;Дотракийцы;x
d_kha_11;Дотракийцы;x
d_kha_12;Дотракийцы;x
d_kha_13;Дотракийцы;x
d_kha_14;Дотракийцы;x
d_kha_15;Дотракийцы;x
d_kha_16;Дотракийцы;x
d_kha_17;Дотракийцы;x
d_kha_18;Дотракийцы;x
d_kha_19;Дотракийцы;x
d_kha_20;Дотракийцы;x
d_kha_21;Дотракийцы;x
d_kha_22;Дотракийцы;x
d_kha_23;Дотракийцы;x
d_kha_24;Дотракийцы;x
d_kha_25;Дотракийцы;x
d_kha_26;Дотракийцы;x
d_kha_27;Дотракийцы;x
d_kha_28;Дотракийцы;x
d_kha_29;Дотракийцы;x
d_kha_30;Дотракийцы;x
d_jogos_domain;Равнины Джогос Нхай;x
e_jkhalasar;Джогос Нхай;x
e_jkhalasar_adj;Джогос Нхай;x
k_jogos_nhai;Джогос Нхай;x
k_jogos_nhai_adj;Джогос Нхай;x
d_central_plains;Центральные равнины;x
c_halashir;Халашир;x
b_halashir;Халашир;x
b_halashir2;Халашир;x
b_halashir3;Халашир;x
c_kazga;Казга;x
b_kazga;Казга;x
b_kazga2;Казга;x
b_kazga3;Казга;x
c_qemosor;Квемосор;x
b_qemosor;Квемосор;x
b_qemosor2;Квемосор;x
b_qemosor3;Квемосор;x
c_athzalar;Атхзалар;x
b_athzalar;Атхзалар;x
b_athzalar2;Атхзалар;x
b_athzalar3;Атхзалар;x
d_west_plains;Западные равнины;x
c_akkovarat;Акковарат;x
b_akkovarat;Акковарат;x
b_akkovarat2;Акковарат;x
b_akkovarat3;Акковарат;x
c_chafaan;Чафаан;x
b_chafaan;Чафаан;x
b_chafaan2;Чафаан;x
b_chafaan3;Чафаан;x
c_e_steel_road;Восточный Стальной тракт;x
b_e_steel_road;Восточный Стальной тракт;x
b_e_steel_road2;Восточный Стальной тракт;x
b_e_steel_road3;Восточный Стальной тракт;x
d_north_plains;Северные равнины;x
c_leviathan_sound;Левиафанов залив;x
b_leviathan_sound;Левиафанов залив;x
b_leviathan_sound2;Левиафанов залив;x
b_leviathan_sound3;Левиафанов залив;x
c_affazhat;Аффажат;x
b_affazhat;Аффажат;x
b_affazhat2;Аффажат;x
b_affazhat3;Аффажат;x
c_embonhor;Эмбонор;x
b_embonhor;Эмбонор;x
b_embonhor2;Эмбонор;x
b_embonhor3;Эмбонор;x
c_ithkoil;Иткуль;x
b_ithkoil;Иткуль;x
b_ithkoil2;Иткуль;x
b_ithkoil3;Иткуль;x
d_east_plains;Восточные равнины;x
c_drekat;Дрекат;x
b_drekat;Дрекат;x
b_drekat2;Дрекат;x
b_drekat3;Дрекат;x
c_bleeding_shore;Берег Кровяного Моря;x
b_bleeding_shore;Берег Кровяного Моря;x
b_bleeding_shore2;Берег Кровяного Моря;x
b_bleeding_shore3;Берег Кровяного Моря;x
c_chomokh;Чомокх;x
b_chomokh;Чомокх;x
b_chomokh2;Чомокх;x
b_chomokh3;Чомокх;x
c_feshith;Фешитх;x
b_feshith;Фешитх;x
b_feshith2;Фешитх;x
b_feshith3;Фешитх;x
d_south_plains;Южные равнины;x
c_lanqoyi;Ланквой;x
b_lanqoyi;Ланквой;x
b_lanqoyi2;Ланквой;x
b_lanqoyi3;Ланквой;x
c_moskat;Москат;x
b_moskat;Москат;x
b_moskat2;Москат;x
b_moskat3;Москат;x
c_nesolat;Несолат;x
b_nesolat;Несолат;x
b_nesolat2;Несолат;x
b_nesolat3;Несолат;x
k_jhogwin;Джогвин;x
d_jhogwin;Джогвин;x
c_jhogur;Джогур;x
b_jhogur;Джогур;x
b_jhogur2;Джогур;x
b_jhogur3;Джогур;x
c_asthaor;Астаор;x
b_asthaor;Астаор;x
b_asthaor2;Астаор;x
b_asthaor3;Астаор;x
d_howling_hills;Воющие холмы;x
c_howling_point;Воющий мыс;x
b_howling_point;Воющий мыс;x
b_howling_point2;Воющий мыс;x
b_howling_point3;Воющий мыс;x
c_howling_bay;Воющий залив;x
b_howling_bay;Воющий залив;x
b_howling_bay2;Воющий залив;x
b_howling_bay3;Воющий залив;x
c_howling_hills;Воющие холмы;x
b_howling_hills;Воющие холмы;x
b_howling_hills2;Воющие холмы;x
b_howling_hills3;Воющие холмы;x
k_jkhalasar_1;Джогос-Нхай;x
k_jkhalasar_2;Джогос-Нхай;x
k_jkhalasar_3;Джогос-Нхай;x
d_jkha_1;Джогос-Нхай;x
d_jkha_2;Джогос-Нхай;x
d_jkha_3;Джогос-Нхай;x
d_jkha_4;Джогос-Нхай;x
d_jkha_5;Джогос-Нхай;x
d_jkha_6;Джогос-Нхай;x
d_jkha_7;Джогос-Нхай;x
d_jkha_8;Джогос-Нхай;x
d_jkha_9;Джогос-Нхай;x
d_jkha_10;Джогос-Нхай;x
d_winter;Зима;x
d_winter_adj;Духи;x
d_winter_essos;Зима;x
d_winter_essos_adj;Духи;x
k_karholdTK;Кархолд;x
k_lasthearthTK;Последний Очаг;x
k_northclansTK;Северные Кланы;x
k_wolfswoodTK;Волчий Лес;x
k_rillsTK;Родники;x
k_stonyshoreTK;Каменный Берег;x
k_mbs_stonyshoreTK;Каменного Берега;x
k_barrowlandsTK;Курганы;x
k_flintsfingerTK;Кремневый Палец;x
k_theneckTK;Перешеек;x
k_whiteharborTK;Белая Гавань;x
k_hornwoodTK;Хорнвуд;x
k_dreadfortTK;Дредфорт;x
k_winterfellTK;Винтерфелл;x
k_skagosTK;Скагос;x
k_thecrossingTK;Переправа;x
k_oldstonesTK;Старые Камни;x
k_tridentTK;Трезубец;x
k_blackwoodTK;Блэквуд;x
k_riverrunTK;Риверран;x
k_southstoneTK;Южный Камень;x
k_acornsridgeTK;Желудевая Гряда;x
k_wayfarersrestTK;Приют Странника;x
k_harrenhalTK;Харренхолл;x
k_bayofclawsTK;Залив Когтей;x
k_willowwoodTK;Ивовая Роща;x
k_pykeTK;Пайк;x
k_great_wykTK;Большой Вик;x
k_harlawTK;Харлоу;x
k_seastone_islesTK;Острова Морского Камня;x
k_casterly_rockTK;Утес;x
k_crakehallTK;Крейкхолл;x
k_cornfieldTK;Корнфилд;x
k_silverhillTK;Серебряный Холм;x
k_goldroadTK;Золотая Дорога;x
k_castamereTK;Кастамере;x
k_mbs_red_hillsTK;Красных Холмов;x
k_hornvaleTK;Хорнваль;x
k_kayceTK;Кайс;x
k_fair_isleTK;Светлый Остров;x
k_banefortTK;Погибельная крепость;x
k_golden_toothTK;Золотой Зуб;x
k_ashemarkTK;Эшмарк;x
k_the_cragTK;Скала;x
k_the_biteTK;Пасть;x
k_the_sistersTK;Сестры;x
k_northwealdTK;Северная Пустошь;x
k_the_fingersTK;Персты;x
k_strongsongTK;Суровая Песнь;x
k_the_giants_lanceTK;Долина Аррен;x
k_eastwealdTK;Восточная Пустошь;x
k_ironoaksTK;Железная Дубрава;x
k_runestoneTK;Рунный Камень;x
k_redfortTK;Редфорт;x
k_wickendenTK;Викенден;x
k_gulltownTK;Чаячий город;x
k_dragonstoneTK;Драконий Камень;x
k_crackclaw_pointTK;Клешня;x
k_duskendaleTK;Сумеречные Земли;x
k_rosbyTK;Росби;x
k_kings_landingTK;Черноводный залив;x
k_blackwater_rushTK;Черноводная;x
k_kingswoodTK;Королевский Лес;x
k_masseys_hookTK;Крюк;x
k_highgardenTK;Хайгарден;x
k_northmarchTK;Северная марка;x
k_oldtownTK;Старомест;x
k_mbs_honeywineTK;Медовички;x
k_the_arborTK;Арбор;x
k_brightwaterTK;Ясноводье;x
k_west_marchesTK;Западная марка;x
k_cockleswhentTK;Зыбкая;x
k_blueburnTK;Синий Ручей;x
k_roseroadTK;Дорога Роз;x
k_tumbletonTK;Тамблтон;x
k_torrentpeakTK;Торрентов Пик;x
k_goldengroveTK;Золотая Роща;x
k_red_lakeTK;Алое Озеро;x
k_ocean_roadTK;Океанская Дорога;x
k_the_shield_islesTK;Щитовые Острова;x
k_mandervaleTK;Долина Мандер;x
k_shipbreakerTK;Штормовой Предел;x
k_tarthTK;Пролив Тарт;x
k_wendwaterTK;Путеводная;x
k_summerhallTK;Летний Замок;x
k_dornish_marchesTK;Дорнийские Марки;x
k_red_watchTK;Красный Дозор;x
k_cape_wrathTK;Мыс Гнева;x
k_rainwoodTK;Дождливый Лес;x
k_brokenarmTK;Перебитая Рука;x
k_ghosthillsTK;Призрачные Холмы;x
k_vaithTK;Вейт;x
k_brimstoneTK;Серноводная;x
k_torrentineTK;Быстроводная;x
k_redmountainsTK;Красные Горы;x
k_blackmontTK;Блэкмонт;x
k_princespassTK;Камень и Небо;x
k_stonewayTK;Красная Марка;x
k_firstdaughterTK;Первая Дочь;x
k_oldcastleTK;Старый Замок;x
k_godseyeTK;Божье Око;x
k_blackpoolTK;Черная Заводь;x
k_upper_rhoyne;Верхняя Ройна;x
k_flatlands;Плоские земли;x
k_disputed_lands;Спорные земли;x
k_forest_qohor;Лес;x
k_the_axe;Секира;x
k_hills_of_norvos;Холмы;x
k_the_marches;Марки;x
k_orange_shore;Оранжевый Берег;x
k_volontherys;Волон Терис;x
k_valysar;Валисар;x
k_selhorys;Селорис;x
k_chroyane;Крояне;x
k_sarhoy;Сарой;x
k_the_bay;Залив;x
k_mantarys;Мантарис;x
k_mantarys_adj;Мантарисск;x
k_tolos;Толос;x
k_tolos_adj;Толосск;x
k_elyria;Элирия;x
k_elyria_adj;Элирийск;x
k_coastlands;Береговые земли;x
k_ny_sar;Ни Сар;x
k_ar_noy;Ар Ной;x
k_sweetwater;Акведук;x
k_copper_hills;Медные Холмы;x
k_worm_river;Червивая река;x
k_khyzai;Кхизай;x
k_old_ghis;Гис;x
k_old_ghis_adj;Гискарск;x
k_isle_of_cedars;Кедровый остров;x
k_ib;Иб;x
k_bayofwhales;Бухта Китов;x
k_ibbish;Иббиш;x
k_red_roads;Нефритовые Врата;x
k_qarkash;Кваркаш;x
k_port_yhos;Порт Ихос;x
k_shadowlands;Край Теней;x
k_hidden_city;Сокрытый город;x
k_fenqui;Фэн-Куй;x
k_nanqi;Нан-Ки;x
k_wan_ti;Ван-Ти;x
k_hezyin;Хезиин;x
k_fujin;Фуджин;x
k_walano;Валано;x
k_jhala;Джала;x
k_west_summer_isles;Западные острова;x
k_omburu;Омбуру;x
k_naath;Наат;x
k_naath_adj;Наатийск;x
k_rebel_dragon_host;Повстанческая армия;x
d_rhaenyra_host;Войско Рейниры;x
d_stannis_host;Войско Станниса;x
d_renly_host;Войско Ренли;x
d_viserys_host;Хост Визериса;x
k_the_most_devout;Праведные;x
k_the_most_devout_adj;Праведные;x
d_kingsguard;Королевская Гвардия;x
d_kingsguard_dummy;Королевская гвардия;x
d_imperialguard;Имперская гвардия;x
d_imperialguard_dummy;Имперская гвардия;x
d_unsullied;Безупречные;x
c_the_citadel;Цитадель;x
c_the_citadel_adj;Цитадель;x
d_warriors_sons;Сыны Воина;x
d_poor_fellows;Честные Бедняки;x
d_nightswatch;Ночной Дозор;x
d_nightswatch_dummy;Ночной Дозор;x
d_deep_lake;Север;x
e_north_dummy;Север.;x
d_great_grass_sea;Великое травяное море;x
k_great_grass_sea;Великое травяное море;x
d_daemons_host;Войско Деймона;x
k_daemon_blackfyres_host;Войско Блэкфайра;x
k_young_griffs_host;Войско Эйгона;x
k_young_griffs_host_adj;Войско Эйгона;x
d_brotherhood;Братство без Знамен;x
d_brotherhood_adj;Братск;x
e_mexikha;Империя Заката;x
e_mexikha_adj;Закатн;x
c_rogare_bank;Банк Рогаре;x
c_bank_1;Новый банк;x
c_bank_2;Белый банк;x
c_bank_3;Первый банк;x
c_bank_4;Золотой банк;x
c_bank_5;Серебряный банк;x
c_custom_emperor_1;Бог;x
c_custom_emperor_2;Бог;x
c_custom_emperor_3;Бог;x
c_custom_emperor_4;Бог;x
c_house_words_1;Девиз дома;x
c_house_words_1_adj;Девиз дома;x
d_old_gods_reformed;Истинные Старые Боги;x
d_beyond_wall_old_gods_reformed;Обряд Истинных Старых Богов;x
d_drowned_god_reformed;Утопленник;x
d_black_goat_reformed;Жрецы Черного Козла;x
d_gods_lorath_reformed;Лоратийские священники;x
d_moonsingers_reformed;Лунные певцы;x
d_trios_reformed;Триос;x
d_bakkalon_reformed;Жрецы Баккалона;x
d_father_of_waters_reformed;Жрецы Вод;x
d_boash_reformed;Жрецы Боаша;x
d_weeping_lady_reformed;Плачущие Жрецы;x
d_valyrian_rel_reformed;Штормовые певцы;x
d_gods_sarnor_reformed;Священство Сарнора;x
d_harpy_reformed;Совет Благодатей;x
d_yiti_gods_reformed;Золотые жрецы;x
d_lion_night_reformed;Обряд Льва Ночи;x
d_shadowbinders_reformed;Призыватели Теней;x
d_gods_nghai_reformed;Священство Нгая;x
d_stone_cow_reformed;Обряд Каменной Коровы;x
d_dothraki_pagan_reformed;Дош Кхалин;x
d_jogos_pagan_reformed;Первые лунные певцы;x
d_great_shepherd_reformed;Божьи Жёны;x
d_summer_rel_reformed;Летние священники;x
d_lady_of_the_waves_reformed;Обряд Владычицы Волн;x
d_nath_pagan_reformed;Гармоничные верующие;x
d_gods_bone_mountains_reformed;Жрецы Гиркуна;x
d_rhoynar_pagan_reformed;Ройнарские жрецы;x
d_golden_company;Золотые Мечи;x
k_golden_company;Золотые Мечи;x
d_brave_companions;Бравые Ребята;x
d_bright_banners;Сияющие Знамена;x
d_company_of_the_cat;Рота Кошки;x
d_gallant_men;Славные Кавалеры;x
d_iron_shields;Железные Щиты;x
d_long_lances;Длинные Копья;x
d_maidens_men;Воины Девы;x
d_men_of_valor;Доблестные;x
d_ragged_standard;Рваное Знамя;x
d_second_sons;Младшие Сыны;x
d_stormcrows;Вороны-Буревестники;x
d_mothers_men;Люди Матери;x
d_free_brothers;Свободные Братья;x
d_stalwart_shields;Стойкие Щиты;x
d_windblown;Гонимые Ветром;x
d_stormbreakers;Громобои;x
d_lost_legion;Потерянный Легион;x
d_adventurers;Приключенцы;x
d_free_company;Вольный Отряд;x
d_jolly_fellows;Весельчаки;x
d_company_of_the_rose;Дружина Розы;x
d_wolf_pack;Волчья Стая;x
d_mbs_bloodless;Бескровные;x
d_merc_inf_1;Пехота наемников;x
d_merc_inf_2;Пехота наемников;x
d_merc_inf_3;Пехота наемников;x
d_merc_inf_4;Пехота наемников;x
d_merc_inf_5;Пехота наемников;x
d_merc_inf_6;Пехота наемников;x
d_merc_inf_7;Пехота наемников;x
d_merc_inf_8;Пехота наемников;x
d_merc_inf_9;Пехота наемников;x
d_merc_inf_10;Пехота наемников;x
d_merc_inf_11;Пехота наемников;x
d_merc_inf_12;Пехота наемников;x
d_merc_inf_13;Налетчики железнорожденных;x
d_merc_dornishspears_1;Дорнийские копейщики;x
d_merc_dornishspears_2;Дорнийские копейщики;x
d_merc_dornishspears_3;Дорнийские копейщики;x
d_merc_dornishspears_4;Дорнийские копейщики;x
d_merc_dornishspears_5;Дорнийские копейщики;x
d_merc_dornishspears_6;Дорнийские копейщики;x
d_merc_hedgeknight_1;Межевые рыцари;x
d_merc_hedgeknight_2;Межевые рыцари;x
d_merc_hedgeknight_3;Межевые рыцари;x
d_merc_hedgeknight_4;Межевые рыцари;x
d_merc_hedgeknight_5;Межевые рыцари;x
d_merc_hedgeknight_6;Межевые рыцари;x
d_merc_hedgeknight_7;Межевые рыцари;x
d_merc_hedgeknight_8;Межевые рыцари;x
d_merc_hedgeknight_9;Межевые рыцари;x
d_merc_hedgeknight_10;Межевые рыцари;x
d_e_merc_inf_1;Наемная пехота;x
d_e_merc_inf_2;Наемная пехота;x
d_e_merc_inf_3;Наемная пехота;x
d_e_merc_inf_4;Наемная пехота;x
d_e_merc_inf_5;Наемная пехота;x
d_e_merc_inf_6;Наемная пехота;x
d_e_merc_inf_7;Наемная пехота;x
d_e_merc_inf_8;Наемная пехота;x
d_e_merc_inf_9;Наемная пехота;x
d_e_merc_inf_10;Наемная пехота;x
d_e_merc_inf_11;Наемная пехота;x
d_e_merc_inf_12;Наемная пехота;x
d_e_merc_inf_13;Наемная пехота;x
d_merc_hyrkoonispears_1;Гиркунские копьеносцы;x
d_merc_hyrkoonispears_2;Гиркунские копьеносцы;x
d_merc_hyrkoonispears_3;Гиркунские копьеносцы;x
d_merc_hyrkoonispears_4;Гиркунские копьеносцы;x
d_merc_hyrkoonispears_5;Гиркунские копьеносцы;x
d_merc_hyrkoonispears_6;Гиркунские копьеносцы;x
d_giants;Гиганты;x
c_giants;Гиганты;x
d_merc_wild_1;Полуночники;x
d_merc_wild_2;Налетчики одичалых;x
d_merc_wild_3;Налетчики одичалых;x
d_merc_wild_4;Налетчики одичалых;x
d_merc_wild_5;Налетчики одичалых;x
d_merc_wild_6;Налетчики одичалых;x
d_merc_wild_7;Налетчики одичалых;x
d_merc_wild_8;Налетчики одичалых;x
d_merc_wild_9;Налетчики одичалых;x
d_merc_wild_10;Полуночники;x
d_merc_fleet_1;Флот наемников;x
d_merc_fleet_2;Флот наемников;x
d_merc_fleet_3;Флот наемников;x
d_merc_fleet_4;Флот наемников;x
d_merc_fleet_5;Флот наемников;x
d_merc_fleet_6;Флот наемников;x
d_merc_fleet_7;Флот наемников;x
d_merc_fleet_8;Флот наемников;x
d_merc_fleet_9;Флот наемников;x
d_merc_fleet_10;Флот наемников;x
e_rebels;Повстанцы;x
e_rebels_adj;Повстанче;x
e_pirates;Пираты;x
e_pirates_adj;Пират;x
c_redtemple_pentos;Красный Храм;x
c_redtemple_myr;Мирийский Храм;x
c_redtemple_lys;Великий Храм;x
d_mbs_gendels_folk;Народ Генделя;x
d_mbs_sunset_isles;Закатные Острова;x
c_mbs_aegon_isle;Эйгон;x
b_mbs_aegon_isle_1;Горный Форт;x
b_mbs_aegon_isle_2;Свиной Форт;x
b_mbs_aegon_isle_3;Летящий за Солнцем;x
c_mbs_visenya_isle;Висенья;x
b_mbs_visenya_isle_1;Форт Высокого Холма;x
b_mbs_visenya_isle_2;Леди Мередит;x
c_mbs_rhaenys_isle;Рейнис;x
b_mbs_rhaenys_isle_1;Форт Низкого Холма;x
b_mbs_rhaenys_isle_2;Осенняя Луна;x
d_dragonsguard;Драконья Гвардия;x
e_valyrian_empire;Валирийская Империя;x
k_valyrian_empire;Имперские Коронные Земли;x
k_valyrian_empire_adj;Имперский Коронный Землевладелец;x
d_sons_harpy;Сыны Гарпии;x
d_rickons_host;Войско Рикона;x
d_red_mountains;Красные Горы;x
d_mbs_summerhall;Летний Замок;x
d_cotf_mbs;Пещеры Детей Леса;x
d_mbs_sparrows;Воробьи;x
d_ravens_teeth_mbs;Вороньи Зубы;x
d_right_flank_mbs;Правый Фланг;x

# Unused
b_algood_hall;Алгудхолл;x
b_aubourn;Аборн;x
b_battlesbridge;Мост Битв;x
b_blackwater;Черноводная;x
b_bloodspill;Кровавый Пролив;x
b_bonesept;Костей;x
b_burley;Барли;x
b_buzadari_valley2;Долина Буздари;x
b_buzadari_valley3;Долина Буздари;x
b_buzadari_valley;Долина Буздари;x
b_castameretwon;Бервелл;x
b_castle_acre;Замок Акр;x
b_crayne_rock;Утёс Крайни;x
b_crossfort;Перекрестный форт;x
b_deep_densept;Глубокая;x
b_dippenhall;Диппенхол;x
b_dragon_gate;Драконьи Врата;x
b_eastreach;Истрич;x
b_elinis2;Элинис;x
b_elinis3;Элинис;x
b_elinis;Элинис;x
b_evenstar_sept;Закатного;x
b_faroar;Мертвое Озеро;x
b_gallowsgrey_sept;Серой Виселицы;x
b_goldgrass;Златотравье;x
b_goldmeadow;Кинфорт;x
b_goldmeadow_sept;Голдфорд;x
b_goldmeadow_town;Киндаллтон;x
b_golend_toothcastle;Вествик;x
b_grasse;Грасс;x
b_greatpyramidastapor;Великая Пирамида Астапора;x
b_green_sept;Зеленая;x
b_grey_garden;Серый Сад;x
b_hangmyre;Висельная Трясина;x
b_harclay;Харклей;x
b_hardstone_hill;Фароар;x
b_hornvalesept;Грассхир;x
b_iron_holt;Железная Роща;x
b_ironkeep;Железная Крепость;x
b_kaycetownsept;Кайса;x
b_kings_gate;Королевские Врата;x
b_kings_landing;Королевская Гавань;x
b_kings_mountain;Королевская Гора;x
b_kl_baelor_sept;Великая септа Бейлора;x
b_klios2;Клиос;x
b_klios3;Клиос;x
b_klios;Клиос;x
b_knaphill;Кнэпхилл;x
b_lannisport_motherhouse2;Фермы материнского дома;x
b_lannisportfour;Кэдшоу;x
b_last_port;Сэндпорт;x
b_lilyhurs;Заросли Лилий;x
b_lonely_hall;Одинокий Зал;x
b_lords_sept;Господская септа;x
b_lyztarys2;Лизтарис;x
b_lyztarys3;Лизтарис;x
b_lyztarys;Лизтарис;x
b_maidenpool_motherhouse2;Священный Пруд;x
b_maris_motherhouse2;Скалистый остров;x
b_maunhilltownsept;Хадера;x
b_mbs_gulltown_sept;Чаячья септа;x
b_mbs_highgarden_sept;Замковая септа Хайгардена;x
b_mbs_holy_house;Святой Дом;x
b_mbs_lannisport_sept;Верховная септа Ланниспорта;x
b_minmark;Замок Минмарк;x
b_morne;Морн;x
b_nettlebank_mbs;Крапивный Берег;x
b_northfort;Железная марка;x
b_oaken_shore;Дубовый Берег;x
b_oldanchor;Старый Якорь;x
b_oldwood;Старое Древо;x
b_qeldperzys2;Квелдперзис;x
b_qeldperzys3;Квелдперзис;x
b_qeldperzys;Квелдперзис;x
b_queenhill;Квинхилл;x
b_rainbow_sept;Радужная;x
b_redding;Реддинг;x
b_redwatch;Замок Слейн;x
b_ringshall;Рингсхолл;x
b_rocks_post;Наскальный Пост;x
b_rooks_rest2;Паун;x
b_runfold;Ранфолд;x
b_saltford;Соленый брод;x
b_sealion_cove2;Спирвью;x
b_sealion_cove3;Рыцарский Дом;x
b_septondunes;Дюн;x
b_shield_row;Щитовой ряд;x
b_silverhillcasteltwo;Замок Акр;x
b_stonehouse;Каменный Дом;x
b_stormy_sept;Штормовая;x
b_summersept;Летняя;x
b_sunnysept;Солнечная;x
b_sunshore_sept;Солнечного Берега;x
b_tarbeck_hallsept;Тарбекхолла;x
b_thallur2;Жаллур;x
b_thallur3;Жаллур;x
b_thallur;Жаллур;x
b_the_gold_cloaks;Золотые Плащи;x
b_tower_of_glimmering;Башня Мерцания;x
b_vinmark;Город Винмарк;x
b_warriors_sons;Блошиный Конец;x
b_westford;Вестфорд;x
b_westhumble;Вестхамбл;x
b_willowwood;Ивовая Роща;x
c_buzadari_valley;Долина Буздари;x
c_elinis;Элинис;x
c_ghiscar_point;Гискарский Мыс;x
c_goldmeadow;Голдмидоу;x
c_grey_hold;Грейхолд;x
c_griffins_peak;Грифоний Пик;x
c_klios;Клиос;x
c_lannisport_motherhouse;Верховный материнский дом;x
c_lyztarys;Лизтарис;x
c_maidenpool_motherhouse;Материнский дом Девичьего Пруда;x
c_manticore_isles_city;Малая Мантикора;x
c_marahai_city;Марахай;x
c_maris_motherhouse;Материнский дом Марис;x
c_mbs_braavos_sept;Заморская септа;x
c_mbs_casterly_sept;Львиная септа;x
c_mbs_duskendale_sept;Сумеречного Дола;x
c_mbs_eyrie_sept;Ступени Долины;x
c_mbs_gulltown_sept;Чаячья септа;x
c_mbs_highgarden_sept;Замковая септа Хайгардена;x
c_mbs_holy_house;Святой Дом;x
c_mbs_kingslandingcc_sept;Королевской Гавани;x
c_mbs_lannisport_sept;Ланниспорта;x
c_mbs_lords_sept;Господская септа;x
c_mbs_red_mountains_sept;Красных Гор;x
c_mbs_stonysept_sept;Каменнная септа;x
c_mbs_stormlands_sept;Залива Разбитых Кораблей;x
c_mbs_sunspear_sept;Солнечного Копья;x
c_mbs_whiteharbour_sept;Снежная септа;x
c_nettlebank;Крапивный Берег;x
c_new_ghis;Новый Гис;x
c_northlands;Северные земли;x
c_oldanchor;Старый Якорь;x
c_qeldperzys;Квелдперзис;x
c_sealion_cove;Бухта Силион;x
c_thallur;Жаллур;x
d_blackbay;Черный Залив;x
d_coastlands;Браавосское побережье;x
d_east_flames;Восточные Огни;x
d_first_flames;Первые Огни;x
d_ghiscar_point;Гискарский Мыс;x
d_ghiscari_lands;Гискарские Земли;x
d_grey_gliffs;Серые скалы;x
d_longhills;Длинные Холмы;x
d_matsar;Матсар;x
d_mountain_clans;Горные Кланы;x
d_nuqiria;Нукирия;x
d_nuqiria_adj;Нукирийск;x
d_parchments;Пергаменты;x
d_sarhoy;Сарой;x
d_sarhoy_adj;Сарой;x
d_sarsfield;Сарсфилд;x
d_skane;Скейн;x
d_summerhall_it;Летний Замок;x
d_tumblestone;Камнегонка;x
d_west_flames;Путь Огней;x
d_wide_way;Широкий путь;x
d_yghos;Игхос;x
d_yghos_adj;Игхосийск;x
e_beyond_wall;За Стеной;x
e_jade_sea;Нефритовое море;x
e_narrow_sea;Узкое Море;x
e_other;Иные;x
e_other_adj;Иные;x
e_rhoynar;Ройнар;x
e_rhoynar_adj;Ройнар;x
e_valyrin_empire_adj;Валирийский;x
k_beyond_the_wall;За Стеной;x
k_braavos_full;Вольный Город Браавос;x
k_braavos_governor;Браавосийские владения;x
k_braavos_governor_adj;Браавосийск;x
k_dragonsguard_adj;Драконья Гвардия;x
k_elos;Элос;x
k_first_forest;Первейший Лес;x
k_frostfangs;Клыки Мороза;x
k_frozen_river;Замерзшая Река;x
k_lakelands;Озерные земли;x
k_rhllor;Вселенский Патриархат;x
k_rhllor_adj;Патриархат;x
k_sarsfieldTK;Сарсфилд;x
k_the_ringTK;Звено;x
k_thenn;Тенн;x
k_trident;Трезубец;x
k_trident_adj;Трезубец;x
