#CODE;RUSSIAN;x
garth_greenhand;Родословная Гарднеров;x
greenhand;Кровь Гарта Зеленорукого;x
garth_the_gardener;Кровь Гарта Садовника;x
garth_goldenhand;Кровь Гарта Златорукого;x
uthor_the_hightower;Кровь Утора из Высокой Башни;x
leo_longthorn;Кровь Длинного Шипа;x
alester_tyrell;Кровь Алестера Тирелла;x
florys_the_fox;Кровь Флорис Лисицы;x
john_the_oak;Кровь Джона Дуба;x
gilbert_of_the_vines;Кровь Гилберта Винной Лозы;x
urrigon_hightower;Кровь Урригона Хайтауэра;x
foss_the_archer;Кровь Фосса Лучника;x
owen_oakenshield;Кровь Оуэна Дубовый Щит;x
harlon_the_hunter_and_hendon_of_the_horn;Кровь Охотника и Рога;x
bors_the_breaker;Кровь Борса Крушителя;x
rose_of_red_lake;Кровь Розы с Алого Озера;x
rowan_gold_tree;Кровь Рован Золотое Деревце;x
elwyn_the_ever_sweet;Кровь Сладчайшей Эллин;x
lann_the_clever;Кровь Ланна Умного;x
gerold_the_great;Кровь Герольда Великого;x
crake_the_boarkiller;Кровь Крейка Убийцы Вепрей;x
mountain_that_rides;Ужасная Кровь Скачущей Горы;x
the_red_lion;Кровь Рейнов;x
the_hooded_man;Кровь Человека в Капюшоне;x
herrock_the_whoreson;Кровь Геррока Сына Шлюхи;x
the_crag;Кровь Крэга;x
the_blind_bowman;Кровь Слепого Лучника;x
farman;Кровь Светлого Острова;x
aubrey_crakehall;Кровь Обри Крейкхолла;x
nymeria;Кровь Нимерии;x
meria;Кровь Желтой Жабы;x
yronwood;Королевская Кровь;x
fowler;Кровь Фаулеров;x
samwell_dayne;Кровь Звездного Огня;x
the_wyl;Кровь Вилей;x
benedict_blackmont;Кровь Бенедикта Блэкмонта;x
manwoody;Кровь Манвуди;x
qorgyle;Кровь Чёрного Скорпиона;x
qorgyle_bl;Кровь Кворгилов;x
uller;Кровь Уллеров, Истребителей Драконов;x
uller_a;Кровь Уллеров;x
aegon_the_conqueror;Кровь Завоевателя;x
aegon_the_reclaimer;Кровь Реставратора;x
the_conciliator;Кровь Миротворца и Доброй Королевы;x
daemon_blackfyre;Кровь Черного Дракона;x
mad_king;Мерзкая Кровь Безумного Короля;x
the_sea_snake;Кровь Морского Змея;x
robert_baratheon;Кровь Демона Трезубца;x
the_shadow_king;Кровь Сумеречных Королей;x
bloodraven;Кровь Кровавого Ворона;x
bittersteel;Кровь Жгучего Клинка;x
seastar;Кровь Морской Звезды;x
maegor;Кровь Мейгора Жестокого;x
mother_of_dragons;Кровь Матери Драконов;x
aegon_vi;Кровь Золотого Дракона;x
bran_the_builder;Кровь Брандона Строителя;x
the_young_wolf;Кровь Молодого Волка;x
royce_redarm;Кровь Ройса Красные Локти;x
belthasar_bolton;Кровь Бельтазара Болтона;x
bran_the_breaker;Кровь Брандона Крушителя;x
theon_the_hungry_wolf;Кровь Голодного Волка;x
cregan_stark;Кровь Кригана Старка;x
bael_the_bard;Кровь Баэля-Барда;x
karlon_stark;Кровь Карлона Старка;x
last_hearth;Кровь Последнего Очага;x
first_king;Кровь Первого Короля;x
ryder;Кровь Райдеров;x
manderly;Кровь Белой Гавани;x
the_marsh_king;Кровь Болотных Королей;x
bear_island;Кровь Медвежьего Острова;x
hammer_of_justice;Кровь Молота Правосудия;x
bracken_bl;Кровь Бракенов;x
blackwood_bl;Кровь Блэквудов;x
walder_frey;Подлая Кровь Убийцы Гостей;x
edmyn_tully;Кровь Эдмина Талли;x
kermit_tully;Кровь Кермита Талли;x
mallister;Кровь Маллистеров;x
black_aly;Кровь Черной Али;x
artys_arryn;Кровь Рыцаря-Сокола;x
robar_royce;Кровь Короля Робара Ройса;x
the_talon;Кровь Когтя;x
littlefinger;Кровь Мизинца;x
jaime_corbray;Кровь Сира Джейме Корбрея;x
gerold_grafton;Кровь Герольда Графтона;x
redfort;Кровь Редфортов;x
hunter_a;Кровь Хантеров;x
ursula_upcliff;Кровь Невесты Короля Мерлингов;x
gulltown_arryns;Кровь Арренов из Чаячьего Города;x
ruthermont;Кровь Резермонтов;x
torgold_the_grim;Кровь Мрачного Торгольда;x
luceon_templeton;Кровь Сира Люцеона, Рыцаря Девяти Звёзд;x
durran_godsgrief;Кровь Дюррана Богоборца;x
orys_baratheon;Кровь Ориса Баратеона;x
galladon_of_morne;Кровь Сира Галладона из Морна;x
swann;Кровь Сваннов;x
lightning_lords;Кровь Лордов-Молний;x
lord_of_the_marches;Кровь Лордов Марок;x
renly_baratheon;Кровь Короля Ренли Баратеона;x
grey_king;Кровь Серого Короля;x
good_brother;Кровь Гудбразеров;x
harwyn_hardhand;Кровь Харвина Жёсткая Рука;x
red_kraken;Кровь Красного Кракена;x
house_codd;Презренная Кровь Коддов;x
lysandro_the_magnificent;Кровь Лисандро Великолепного;x
saan;Кровь Саанов;x
hyrkoon_the_hero;Кровь Гиркуна-Героя;x
grazdan_the_great;Кровь Граздана Великого;x
huzhor_amai;Кровь Хужора Амая;x
prince_garin;Дух Принца Гарина;x
hugor_of_the_hill;Дух Хугора с Холма;x
qarlon_the_great;Дух Кварлона Великого;x
khiara;Кровь Киары Великой;x
black_pearl;Кровь Черной Жемчужины;x
veiled_lady;Кровь Дамы под Вуалью;x
merling_queen;Кровь Сардиньей Королевы;x
moonshadow;Кровь Лунной Тени;x
daughter_of_dusk;Кровь Дочери Заката;x
nightingale;Кровь Соловья;x
poetess;Кровь Поэтессы;x
jon_snow;Кровь Дракона Зимы;x
jon_snow_nottarg;Кровь Дракона Зимы;x
piper;Кровь Розовой Девы;x
connington;Кровь Коннингтонов;x
red_viper;Кровь Красного Змея;x
tywin;Кровь Тайвина Ланнистера;x
bar_emmon;Кровь Тогариона Ужасного;x
massey;Кровь Джастина Молочноглазого;x
darry;Кровь Дарри;x
hornwood;Кровь Хорнвудов;x
glover;Кровь Темнолесья;x
flint;Кровь Королей Каменного Холма;x
horonno;Кровь Триарха Хоронно;x
drahar;Кровь Кормильца Крабов;x
pureborn;Кровь Чистокровных;x
laughing_storm;Кровь Смеющегося Вихря;x
dawnbreaker;Кровь Озарителя;x
night_king;Ужасная Кровь Короля Ночи;x
plowman;Кровь Пейта Пахаря;x
clawisle;Кровь Селтигаров;x
drop_of_the_dragon;Капля Драконьей Крови;x
plumm;Кровь Пламмов;x
oakenfist;Кровь Дубового Кулака;x
addam_velaryon;Кровь Верного Аддама Велариона;x
lord_of_tides;Кровь Лордов Приливов;x
two_drops;Вторая Капля Драконьей Крови;x
lothston;Кровь Лотстонов;x
danelle_lothston;Ужасная Кровь Данеллы Лотстон;x
whent;Кровь Уэнтов;x
harrenhal1;Кровь Харренхолла;x
harrenhal2;Темная Кровь Харренхолла;x
brune;Кровь Братьев Брюнов;x
great_warg;Кровь Великого Варга;x
tormund;Кровь Великаньей Смерти;x
mance;Кровь Манса Налетчика;x
red_raven;Кровь Красной Птицы;x
kbtw;Кровь Короля-за-Стеной;x
thenn;Кровь Магнара Теннов;x
winged_wolf;Кровь Крылатого Волка;x
arlan_avenger;Кровь Арлана Мстителя;x
argilac_arrogant;Кровь Аргилака Надменного;x
young_dragon;Кровь Юного Дракона;x
the_blessed;Кровь Бейлора Благословенного;x
viserys_ii;Кровь Визериса II Таргариена;x
rhaegar;Кровь Серебряного Принца;x
oakenseat;Кровь Восстановителя Дубового Трона;x
raventree;Кровь Восстановителя Воронодрева;x
penrose;Кровь Пенрозов;x
little_lion;Кровь Маленького Льва;x
bloodstone_bloodline;Кровь Нового Императора Кровавой Яшмы;x
palanquin_bloodline;Кровь Нового Бога-на-Земле;x
yellow_emperors;Кровь Желтых Императоров;x
sea_green_emperors;Кровь Императоров Морской Волны;x
scarlet_emperors;Кровь Алых Императоров;x
purple_emperors;Кровь Пурпурных Императоров;x
maroon_emperors;Кровь Бордовых Императоров;x
jade_green_emperors;Кровь Нефритово-Зеленых Императоров;x
indigo_emperors;Кровь Индиговых Императоров;x
grey_emperors;Кровь Серых Императоров;x
azure_emperors;Кровь Лазурных Императоров;x
pearl_white_emperors;Кровь Жемчужно-Белых Императоров;x
orange_emperors;Кровь Оранжевых Императоров;x
chai_duq_emperors;Кровь Чай Дука;x
yellow_sorceror;Кровь Желтого Чародея;x
jar_har_emperors;Кровь Цзяр Хара;x
jar_joq_emperors;Кровь Цзяр Цзока;x
jar_han_emperors;Кровь Цзяр Хана;x
lo_tho_emperors;Кровь Ло Длинной Ложки;x
lo_bu_emperors;Кровь Чересчур Храброго Мальчика;x
mengo_quen_emperors;Кровь Блистающего Бога;x
har_loi_emperors;Кровь Хар Лоя, Боли-от-Седла;x
nine_eunuch_emperors;Кровь Девяти Евнухов;x
pol_qo_emperors;Кровь Молота Джогос-Нхая;x
scourge_plains_emperors;Кровь Проклятия Равнин;x
benevolent_eunuch_emperors;Кровь Доброжелательных Евнухов;x
scion_plains_emperors;Кровь Наследника Равнин;x
shield_shadow_emperors;Кровь Щита от Тени;x
sorceror_emperors;Кровь Императоров-Чародеев;x
peasant_emperors;Кровь Императоров-Простолюдинов;x
bureaucrat_emperors;Кровь Просветленных Императоров-Бюрократов;x
diplomat_emperors;Кровь Императоров-Дипломатов;x
living_god_emperors;Кровь Живых Богов-Императоров;x
maggy_frog;Кровь Мэгги Лягушки;x
trianna;Кровь Триарха Трианны;x
black_swann;Кровь Черного Лебедя;x
strong_bl;Кровь Стронгов;x
dragonrider_bloodline;Кровь Наездников Драконов;x
frey_bloodline;Кровь Переправы;x
blacktyde_bloodline;Кровь Бейлона Черношкурого;x
botley_bloodline;Кровь Ботли;x
drumm_bloodline;Кровь Драммов;x
farwynd_bloodline;Кровь Фарвиндов;x
greyjoy_bloodline;Кровь Грейджоев;x
harlaw_bloodline;Кровь Харлоу;x
kenning_bloodline;Кровь Кеннингов;x
merlyn_bloodline;Кровь Мерлинов;x
myre_bloodline;Кровь Майров;x
orkwood_bloodline;Кровь Орквудов;x
saltcliffe_bloodline;Кровь Солтклиффов;x
sparr_bloodline;Кровь Спарров;x
stonehouse_bloodline;Кровь Ральфа Оборванца;x
stonetree_bloodline;Кровь Стоунтри;x
sunderly_bloodline;Кровь Сандерли;x
tawney_bloodline;Кровь Тауни;x
volmark_bloodline;Кровь Джорла Кита;x
wynch_bloodline;Кровь Винчей;x
ironmaker_bloodline;Кровь Эрика Айронмейкера;x
ironfoot_bloodline;Кровь Железной Пяты;x
ravenfeeder_bloodline;Кровь Кормильца Воронов;x
qhored_cruel_bloodline;Кровь Куореда Жестокого;x
old_kraken_bloodline;Кровь Старого Кракена;x
coldwind_bloodline;Кровь Холодного Ветра;x
harron_bloodline;Кровь Харрона Харлоу;x
maidensbane_bloodline;Кровь Девичьей Погибели;x
redhand_bloodline;Кровь Уррона Красная Рука;x
stumphand_bloodline;Кровь Беспалого;x
necromancer_drumm_bloodline;Кровь Некроманта;x
reader_harlaw_bloodline;Кровь Чтеца;x
knight_harlaw_bloodline;Кровь Рыцаря Харлоу;x
twice_crowned_bloodline;Кровь Дважды Венчанного;x
vance;Кровь Армистеда Вэнса;x
vorian_vypren;Кровь Вориана Випрена;x
clarence_crabb;Кровь Сира Кларенса Крэбба;x
roddy_ruin;Кровь Родди Развалины;x
hardy;Кровь Люсифера Харди;x
webber_widow;Кровь Красной Вдовы;x
seaworth;Кровь Лукового Рыцаря;x
celtigar;Кровь Селтигаров;x
dayne;Кровь Дейнов;x
velaryon;Кровь Веларионов;x
greenseer_bloodline;Кровь Зеленовидца;x
kingslayer_bloodline;Кровь Цареубийцы;x
barristan_bold_bloodline;Кровь Барристана Смелого;x
white_bull_bloodline;Кровь Белого Быка;x
arthur_dayne_bloodline;Кровь Сира Эртура Дейна, Меча Зари;x
oswell_whent_bloodline;Кровь Сира Освелла Уэнта;x
lewyn_martell_bloodline;Кровь Принца Ливена Мартелла;x
jonothor_darry_bloodline;Кровь Сира Джона Дарри;x
gyles_morrigen_bloodline;Кровь Сира Джайлса Морригена;x
lorence_roxton_bloodline;Кровь Сира Лоренса Рокстона;x
victor_the_valiant_bloodline;Кровь Сира Виктора Доблестного;x
willam_the_wasp_bloodline;Кровь Сира Виллама Осы;x
pate_the_woodcock_bloodline;Кровь Сира Пейта Кулика;x
samgood_of_sourhill_bloodline;Кровь Сира Сэма из Угрюмого Холма;x
duncan_tall_hk;Кровь Дунка-Чурбана;x
duncan_tall_kg;Кровь Сира Дункана Высокого;x
ryam_redwyne_bloodline;Кровь Сира Райама Редвина;x
breakspear_mbs;Кровь Копьелома;x
sword_morning_mbs;Кровь Мечей Зари;x
tourney_champ_mbs;Кровь Рыцаря Турниров;x
melee_champ_mbs;Кровь Зверя Схваток;x
basilisk_bl;Кровь Василиска;x
chimera_bl;Кровь Химеры;x
sphinx_bl;Кровь Сфинкса;x
behemoth_bl;Кровь Бегемота;x
shett_bl;Кровь Королей Истинных Людей;x
axel_tully;Кровь Риверрана;x
hodor_mbs;Кровь Ходора;x
marbrand;Кровь Марбрандов;x
brax;Кровь Браксов;x
jast;Кровь Джастов;x
qoherys_bl;Кровь Квохерисов;x
harroway_bl;Кровь Харровеев;x
towers_bl;Кровь Тауэрсов;x
wydman_mbs;Кровь Сломанного Копья;x
mooton;Кровь Девичьего Пруда;x
leech_lord;Гнусная Кровь Лорда-Пиявки;x
joffrey_doggett;Кровь Рыжего Пса Холмов;x
jon_hogg;Кровь Большого Джона Хогга;x
bronn;Кровь Бронна Черноводного;x
hammer_of_the_hills;Кровь Молота Холмов;x
emperor_aurion_mbs;Кровь Императора Ауриона;x
redbeard_strongseed_mbs;Кровь Рыжебородых;x
westford_bloodline;Кровь Вестфордов;x
saerystos_bloodline;Кровь Сейристосов;x
saerys_bloodline;Кровь Сейрисов;x
saerynar_bloodline;Кровь Сейринаров;x
toyne_bloodline;Кровь Тойнов;x
errol_bloodline;Кровь Эрролов;x
estermont_bloodline;Кровь Зеленой Скалы;x
selmy_bloodline;Кровь Селми;x
forrester_bloodline;Кровь Герхарда Высокого;x
belmore_bloodline;Кровь Белморов;x
coldwater_bloodline;Кровь Колдуотеров;x
egen_bloodline;Кровь Игенов;x
sunderland_bloodline;Кровь Сандерлендов;x
whitehill_bloodline;Кровь Уайтхиллов;x
rupert_falwell_bloodline;Кровь Шута-Рубаки;x
dragonknight_bloodline;Кровь Рыцаря-Дракона;x
criston_cole_bloodline;Кровь Делателя Королей;x
morrigen_bloodline;Кровь Морригенов;x
honourable_kingsguard_bloodline;Кровь [This.GetTitledFirstNameWithNickAndDynasty];x
bloodline_margaery;Кровь Маленькой Розы;x
bloodline_olenna_redwyne;Кровь Королевы Шипов;x
bloodline_brienne_tarth;Кровь Тартской Девы;x
bloodline_arya_stark;Кровь Дикой Волчицы;x
bloodline_sansa_stark;Кровь Пташки;x
bloodline_lyanna_stark;Кровь Девы-Волчицы;x
bloodline_aemma_arryn;Кровь Эйммы Аррен;x
bloodline_myriah_martell;Кровь Мирии Дорнийской;x
bloodline_elia_martell;Кровь Элии Дорнийской;x
bloodline_alicent_hightower;Кровь Зелёной Королевы;x
bloodline_lysa_tully;Кровь Форели Долины;x
bloodline_catelyn_tully;Кровь Форели Севера;x
bloodline_cersei_lanniser;Кровь Света Запада;x
bloodline_danaerys_dorne;Кровь Принцессы Дейнерис;x
bloodline_lyarra_stark;Кровь Волчицы Долины;x
bloodline_sharra_arryn;Кровь Горного Цветка;x
bloodline_larra_rogare;Кровь Ларры из Лиса;x
bloodline_asha_greyjoy;Кровь Дочери Кракена;x
bloodline_lannisport_lannister;Кровь Ланнистеров из Ланниспорта;x
bloodline_racallio_ryndoon;Кровь Ракаллио Риндуна;x
tyrion_bloodline;Кровь Полумужа;x
bloodline_daena_defiant;Кровь Дейны Непокорной;x
bloodline_rhaena_targaryen;Кровь Рейны Покорной;x
bloodline_elaena_targaryen;Кровь Элейны Благоразумной;x
bloodline_rhaena_of_pentos;Кровь Рейны Пентошийской;x
bloodline_baela_targaryen;Кровь Бейлы Пентошийской;x
bloodline_queen_rhaena;Кровь Королевы Рейны;x
bloodline_staedmon;Кровь Стедмонов;x
bloodline_butterwell;Кровь Баттервеллов;x
bloodline_smallwood;Кровь Смоллвудов;x
bloodline_farring;Кровь Фаррингов;x
bloodline_hayford;Кровь Хейфордов;x
bloodline_rosby;Кровь Росби;x
bloodline_rykker;Кровь Риккеров;x
bloodline_stokeworth;Кровь Стоквортов;x
bloodline_sharis_footly;Кровь Шарис Футли;x
bloodline_jonquil_darke;Кровь Змеи в Алом;x
bloodline_johanna_westerling;Кровь Джоханны Вестерлинг;x
bloodline_roxton;Кровь Рокстонов;x
bloodline_jon_roxton;Кровь Храброго Джона Рокстона;x
bloodline_lady_sam;Кровь Леди Сэм;x
bloodline_sabitha_frey;Кровь Леди Сабиты из Близнецов;x
bloodline_alys_rivers;Кровь Королевы-Ведьмы;x
bloodline_rhaelle_targaryen;Кровь Принцессы Рейль Таргариен;x
bloodline_val;Кровь Принцессы Одичалых;x
bloodline_dalla;Кровь Королевы Одичалых;x
bloodline_rickon_stark;Кровь Волчьего Принца;x
bloodline_jon_snow_stark;Кровь Бастарда из Винтерфелла;x
bloodline_giantslayer_farring;Кровь Годри Победителя Великанов;x
bloodline_aemon_caraxes;Кровь Принца Эймона Благородного;x
bloodline_khal_drogo;Кровь Кхала Дрого;x
bloodline_khal_bharbo;Кровь Кхала Бхарбо;x
bloodline_khal_dhako;Кровь Кхала Дхако, Дракона Севера;x
bloodline_khal_haro;Кровь Кхала Харо;x
bloodline_khal_horro;Кровь Кхала Хорро;x
bloodline_khal_loso;Кровь Кхала Лосо Хромого;x
bloodline_khal_mengo;Кровь Кхала Менго;x
bloodline_khal_moro;Кровь Кхала Моро;x
bloodline_khal_onqo;Кровь Кхала Онко;x
bloodline_khal_qano;Кровь Кхала Кано;x
bloodline_khal_rogo;Кровь Кхала Рого;x
bloodline_khal_scoro;Кровь Кхала Скоро;x
bloodline_khal_temmo;Кровь Кхала Теммо;x
bloodline_khal_zeggo;Кровь Кхала Зегго;x
bloodline_khal_zhako;Кровь Кхала Жако;x
bloodline_mazor_alexi;Кровь Мазора Алекси;x
bloodline_rhaego;Кровь Жеребца, Который Покроет Весь Мир;x
bloodline_house_ball;Кровь Боллов;x
bloodline_fireball;Кровь Файрболла;x
bloodline_house_peake;Кровь Пиков;x
bloodline_house_florent;Кровь Флорентов;x
bloodline_sand_snake;Кровь Песчаных Змеек;x
bloodline_hugh_hammer;Кровь Хью Молота;x
bloodline_ulf_white;Кровь Ульфа Белого;x
bloodline_nettles;Кровь Крапивы;x
bloodline_kettleblack;Кровь Кеттлблэков;x
bloodline_hound;Кровь Пса;x
bloodline_tarbeck;Кровь Тарбеков;x
bloodline_clegane;Кровь Клиганов;x
bloodline_payne;Кровь Пейнов;x
bloodline_serrett;Кровь Серебряного Холма;x
bloodline_ambrose;Кровь Амброзов;x
bloodline_ashford;Кровь Эшфордов;x
bloodline_caswell;Кровь Касвеллов;x
bloodline_footly;Кровь Тамблтона;x
bloodline_fossoway_green;Кровь Зелёного Яблока;x
bloodline_blackbar;Кровь Бандаллона;x
bloodline_meadows;Кровь Луговины;x
bloodline_webber;Кровь Вебберов;x
bloodline_chester;Кровь Зелёного Щита;x
bloodline_serry;Кровь Южного Щита;x
bloodline_grimm;Кровь Серого Щита;x
bloodline_leygood;Кровь Лейгудов;x
bloodline_merryweather;Кровь Мерривезеров;x
bloodline_costayne;Кровь Трех Башен;x
bloodline_vaith;Кровь Вейтов;x
bloodline_toland;Кровь Призрачного Холма;x
bloodline_jordayne;Кровь Тора;x
bloodline_gargalen;Кровь Солёного Берега;x
bloodline_ladybright;Кровь Ледибрайтов;x
bloodline_dalt;Кровь Лимонной Рощи;x
bloodline_santagar;Кровь Пятнистого Леса;x
bloodline_allyrion;Кровь Дара Богов;x
bloodline_risley;Кровь Рисли;x
bloodline_rhysling;Кровь Рислингов;x
bloodline_fossoway_brown;Кровь Червивого Яблока;x
bloodline_mandrake;Кровь Мандрейков;x
bloodline_strickland;Кровь Стриклендов;x
bloodline_casterly;Кровь Кастерли;x
bloodline_maelys;Кровь Чудовища;x
bloodline_blackfish;Кровь Чёрной Рыбы;x
bloodline_illyrio;Кровь Магистра Иллирио;x
bloodline_wylla_wyl;Кровь Виллы Девы-Воительницы;x
bloodline_viserys_iii;Кровь Пробуждённого Дракона;x
bloodline_artos_stark;Кровь Артоса Несокрушимого;x
bloodline_roger_reyne;Кровь Роджера Красного Льва;x
bloodline_robb_reyne;Кровь Робба Рейна;x
bloodline_alyssa_velaryon;Кровь Алиссы Веларион;x
bloodline_strong_boys;Кровь Сильных Мальчиков;x
bloodline_thoros;Кровь Красного Волшебника;x
bloodline_melisandre;Кровь Красной Тени;x
bloodline_beric;Кровь Лорда-Молнии;x
bloodline_belicho;Кровь Триарха Беличо;x
bloodline_vhalaso_the_munificent;Кровь Вхаласо Щедрого;x
bloodline_widow_of_the_waterfront;Кровь Портовой Вдовы;x
fisher;Родословная Фишеров;x
bloodline_teague;Кровь Короля Торренса Тига;x
bloodline_justman;Кровь Бенедикта Справедливого;x
bloodline_fisher;Кровь Королей Фишеров;x
bloodline_alester_sarwyck;Кровь Красного Жреца из Ключей;x
bloodline_aegon_uncrowned;Кровь Эйгона, Истинного Короля;x
bloodline_euron;Кровь Эурона Вороньего Глаза;x
bloodline_euron_king;Кровь Божественного Короля Эурона;x
mbs_manylegitchildren_man;Кровь [This.GetFirstNameWithDynasty], Плодовитый;x
mbs_manylegitchildren_woman;Кровь [This.GetFirstNameWithDynasty], Плодовитая;x
mbs_manybastardchildren_man;Кровь [This.GetFirstNameWithDynasty], Неверный;x
mbs_manybastardchildren_woman;Кровь [This.GetFirstNameWithDynasty], Неверная;x
walder_frey_prw;Кровь Лорда Уолдера Фрея;x
ygon_oldfather;Кровь Старого Отца;x
mbs_bl_ironthrone;Кровь [This.GetTitledFirstNameWithNickAndDynasty];x
bloodline_ellyn_reyne;Кровь Эллин Красной;x
bloodline_ashara_dayne;Кровь Девы с Фиалковыми Глазами;x
pirate_trader;Кровь [This.GetFirstNameWithDynasty] Торговец;x
pirate_reaver;Кровь [This.GetFirstNameWithDynasty] Разбойник;x
pirate_westerosi;Кровь [This.GetFirstNameWithDynasty] из Андалов;x
pirate_freecities;Кровь [This.GetFirstNameWithDynasty] из Валирии;x
pirate_slaver;Кровь [This.GetFirstNameWithDynasty] Работорговец;x
pirate_liberator;Кровь [This.GetFirstNameWithDynasty] Освободитель;x
bloody_ben_blackwood;Кровь Кровавого Бена;x
brute_bracken;Кровь Бракенского Зверя;x
bloodline_joff_lydden;Кровь Короля Джоффри Лиддена;x
bloodline_rego_draz;Кровь Лорда Воздуха;x
bloodline_nevio_narratys;Кровь Принца Невио Нарратиса;x
bloodline_tattered_prince;Кровь Принца-Оборванца;x
bloodline_tyanna_of_tower;Кровь Тианны из Башни;x
bloodline_janos_slynt;Кровь Яноса Слинта;x
bloodline_philip_foote;Кровь Филипа Фута, Лорда Марок;x
bloodline_appleater_brune;Кровь сира Лотора, Пожирателя Яблок;x
bloodline_nutt;Кровь Королевы Джейн Натт;x
bloodline_harte;Кровь лорда Хариса Харта, Непокорного;x
bloodline_cassel;Кровь дома Кассель;x
bloodline_theon_balon;Кровь Теона Перевёртыша;x
bloodline_theon_robb;Кровь Теона, Кракена Зелённых земель;x
bloodline_theon_robb_king;Кровь Теона, Ледянного Кракена;x
bloodline_dragon_big;Кровь Могучего [This.GetFirstName];x
bloodline_dragon_old;Кровь Почтенного [This.GetFirstName];x
bloodline_dragon_fair;Кровь Великолепного [This.GetFirstName];x
bloodline_dragon_fertile;Кровь Плодовитого [This.GetFirstName];x
bloodline_dragon_untamed;Кровь Непобедимого [This.GetFirstName];x
bloodline_dragon_cunning;Кровь Хитрого [This.GetFirstName];x
bloodline_dragon_balerion;Кровь Балериона Чёрного Ужаса;x
cleon_the_butcher_bl_mbs;Кровь Клеона Короля-Мясника;x
davos_dragonslayer;Кровь Давоса Убийцы Драконов;x
aemond_one_eye_bl;Кровь Эймонда Одноглазого;x
rhaenyra_black_win_bl;Кровь Рейниры Чёрной Королевы;x
aegon_green_win_bl;Кровь Эйгона, Истинного Короля;x
bloodline_golden_company;Кровь Генерал-капитана [This.GetFirstName];x
bloodline_locke;Кровь дома Локк;x
bloodline_slate;Кровь дома Слейт;x
clubfoot_bloodline;Кровь Лариса Косолапого;x
rogueprince_bloodline;Кровь Порочного Принца;x
florian_bloodline;Кровь Флориана-Дурака;x
weeper_bloodline;Кровь Плакальщика;x
vulture_king_mbs_bl;Кровь Короля-Стервятника;x
black_harren_bl;Кровь Харрена Черного;x
sage_kings_bl;Кровь Трех Королей-Мудрецов;x
lannister_bastards_bl;Кровь Злорождённого;x
crackbones_bl;Кровь Костолома;x
royce_bl;Кровь Бронзовых Королей;x
roland_i_arryn;Кровь Роланда I Аррена;x
osric_v_arryn;Кровь Озрика V Аррена;x
matthos_ii_arryn;Кровь Маттоса II Аррена;x
bloodline_lefford;Кровь Золотого Зуба;x
argella_durrandon_bloodline;Кровь Аргеллы Дюррандон;x
rogar_baratheon_bloodline;Кровь Рогара Баратеона;x
symeon_stareyes_bloodline;Кровь Симеона Звездоглазого;x
bloodline_hewett;Кровь Дубового Щита;x
bloodline_argoth;Кровь Аргота Камнешкурого;x
bloodline_morrigan;Кровь Зелёной Королевы;x
bloodline_green_king;Кровь Зелёного Короля;x
bloodline_drox;Кровь Дрокса Труподела;x
bloodline_andahar;Кровь Короля Андагара;x
dragon_rider_tracker;[Root.Founder.GetTitledFirstName] [Root.Founder.GetOnlyDynastyName];x
bloodline_moore;Кровь Камнеголовых;x
emperor_aurion_valyria;Кровь Императора Валирии;x
bloodline_arson_iceaxe;Кровь Ледового Топора;x

greenhand_desc;Легендарный король Первых людей, который по рассказам, привёл их в Вестерос. Предок многих домов Простора, Гарт носил корону из цветов, заставляя землю цвести;x
garth_the_gardener_desc;Сын Гарта Зеленорукого и основатель дома Гарднер, Гарт устроил свой дом на холме над Мандером, который со временем стал известен как Хайгарден;x
garth_goldenhand_desc;Величайший король из дома Гарднеров. Известный как Златорукий, по его деяниям как на войне, так и в мире, Гарт правил восемьдесят один год, из которых менее десяти провёл на войне;x
uthor_the_hightower_desc;Легендарный король из дома Хайтауэров, Утор, по рассказам, заказал Брандону Строителю перестроить Высокую Башню в камень и женился на Деве Марис, дочери Гарта Зеленорукого;x
leo_longthorn_desc;Лорд Хайгардена из дома Тиреллов, уважаемый во всех Семи Королевствах. Один из самых знаменитых турнирных бойцов в истории Вестероса;x
alester_tyrell_desc;Андальский искатель приключений и основатель дома Тирелл, Алестер Тирелл служил первым мечом королю Гвейну V Гарднеру, последнему из Трёх Королей-Мудрецов;x
florys_the_fox_desc;Самая умная из детей Гарта Зеленорукого, Флорис имела трех мужей, одного глупее другого. От ее сыновей пошли дома Флорентов, Боллов и Пиков;x
john_the_oak_desc;Сын Гарта Зеленорукого и великанши, Джон Дуб был легендарным воином, по рассказам, ростом до двенадцати футов, который принес рыцарские обычаи в Вестерос. Основатель дома Окхарт;x
gilbert_of_the_vines_desc;Сын Гарта Зеленорукого и основатель дома Редвин, Гилберт научил людей Арбора делать вино;x
urrigon_hightower_desc;Сын Утора Хайтауэра и Девы Марис. После смерти своего брата Урригон даровал участок земли первым мейстерам, которые позднее создали Цитадель;x
foss_the_archer_desc;Сын Гарта Зеленорукого и основатель дома Фоссовей, Фосс был легендарным лучником, прославившимся тем, что стрелял в яблоки, положенные на головы девиц, которым он приглянулся;x
owen_oakenshield_desc;Легендарный сын Гарта Зеленорукого, Оуэн завоевал Щитовые острова и прогнал мерлингов с селками обратно в море;x
harlon_the_hunter_and_hendon_of_the_horn_desc;Сыновья-близнецы Гарта Зеленорукого, Харлон и Герндон построили Рогов Холм, взяли в жены лесную ведьму и основали дом Тарли;x
bors_the_breaker_desc;Сын Гарта Зеленорукого и основатель дома Бульвер. Согласно легендам, Борс имел силу двадцати мужей из-за того что пил только бычью кровь;x
rose_of_red_lake_desc;Дочь Гарта Зеленорукого и основательница дома Крейн. По рассказам, она могла вселяться в журавля по своей воле, и некоторые ее потомки унаследовали эту способность;x
rowan_gold_tree_desc;Дочь Гарта Зеленорукого и основательница дома Рован. По рассказам, Рован обернула своими золотыми волосами яблоко и посадила его на холме. Из яблока выросло дерево из желтого золота;x
elwyn_the_ever_sweet_desc;Дочь Гарта Зеленорукого и основательница дома Бисбери. Она отыскала Пчелиного Короля и пообещала заботиться о его детях, став первым пчеловодом;x
lann_the_clever_desc;Хитрый плут и основатель дома Ланнистер, Ланн, по легенде, выгнал Кастерли из Утеса Кастерли только при помощи своего ума;x
gerold_the_great_desc;Легендарный король из дома Ланнистер, Герольд отплыл на Железные Острова, взял сотню железнорождённых заложников и вешал по одному за каждый набег на свои земли;x
crake_the_boarkiller_desc;Основатель дома Крейкхолл, члены которого известны своей силой и воинской доблестью;x
mountain_that_rides_desc;Великан среди людей, Григор Клиган известен своей бездумной жестокостью, и ответственен за зверское убийство Элии Мартелл и её сына;x
the_red_lion_desc;Рейны из Кастамере - древний дом, идущий от Первых людей. Дом породил множество знаменитых рыцарей, а его рудники сделали дом одним из богатейших на Западе;x
the_hooded_man_desc;Потомки легендарного Человека в Капюшоне, Короли в Капюшоне из дома Бейнфорт были ранними противниками дома Ланнистер, которые использовали армии невольников и могущественные проклятия против Утёса Кастерли;x
herrock_the_whoreson_desc;Геррок Кеннинг применил свой рог чтобы шлюхи Кайса открыли ему ворота города и сдали его дому Ланнистер. Позже он лично убил двух железнорождённых королей;x
the_crag_desc;Вестерлинги из Крэга - гордый и древний дом, идущий от Первых людей. Хоть дом и породил множество знаменитых воинов, его шахты опустошены;x
the_blind_bowman_desc;Также известный как Слепой лучник, Алан из Дуба был основателем дома Йю и легендарным героем Западных земель;x
farman_desc;Когда-то бывшие королями Светлого острова, Фарманы - один из самых могущественных домов Западных земель. Они - первая линия обороны против железнорожденных;x
aubrey_crakehall_desc;После победоносного семилетнего похода против короля Хагона Бессердечного, сир Обри Крейкхолл, командующий армией Утёса, объявил себя королём железнорождённых;x
nymeria_desc;Королева-воин ройнаров, Нимерия привела своих людей в Дорн и вышла замуж за Морса Мартелла, с которым она объединила Дорн, позднее отправив шесть побеждённых королей на Стену;x
meria_desc;Принцесса Мерия Мартелл, по прозвищу Желтая Жаба Дорна, использовала своих людей как партизанов во времена Завоевания и Первой Дорнийской Войны, сдерживая драконов и армии Эйгона;x
yronwood_desc;Древний дом, Айронвуды охраняют Костяной Путь и долгое время называли себя Верховными королями Дорна. Несмотря на последующее поражение от Мартеллов они сохранили титул "Королевская Кровь";x
fowler_desc;Древний дом, Фаулеры охраняют Принцев Перевал, а ранее правили как Короли Камня и Неба. Побежденные Мартеллами, сейчас они остаются одним из самых могущественных дорнийских домов;x
samwell_dayne_desc;Известный как Звёздный Огонь, король Быстроводной Сэмвелл Дейн захватил и разграбил Старомест в дерзкой атаке на Простор;x
the_wyl_desc;Могущественный дорнийский дом, Вили издревле ведут войну с Дорнийскими марками, и во время Первой Дорнийской Войны лорд Виль стал известен за совершение множества зверств;x
benedict_blackmont_desc;По рассказам, поклонявшийся темному богу и способный превращаться в огромного стервятника, Бенедикт Блэкмонт был могущественным королем в Дорнийских Горах;x
manwoody_desc;Могущественный дом Манвуди с севера Дорна был основан после того, как его основатель убил короля Простора в Королевской Гробнице. Позже правили как короли Красных Гор;x
qorgyle_desc;Могущественный дорнийский дом Кворгилов, лорд которого содействовал в убийстве лорда Лионеля Тирелла, наместника Дорна, использовав ядовитых скорпионов;x
qorgyle_bl_desc;Кворгилы были андалами-авантюристами, основавшими свои владения в неизведанных дорнийских пустынях, поселившись в глубоких дюнах и песках Дорна, укрепив единственный колодец на пятьдесят лиг вокруг. Они имеют репутацию интриганов и, как известно, используют скорпионов в убийствах.;x
uller_desc;Могущественный дорнийский дом, Уллеры считаются импульсивными и непредсказуемыми, но верными вассалами Мартеллов. В Первой Дорнийской Войне они убили драконицу Мераксес;x
uller_a_desc;Могущественный дорнийский дом, основанный андальскими искателями приключений. Название их замка - Пекло - связано с тем, что когда-то лорд Уллер пригласил туда своих соперников, запер их и сжег заживо;x
aegon_the_conqueror_desc;Всадник великого дракона Балериона, Эйгон завоевал Вестерос, став первым Владыкой Семи Королевств и получив прозвище "Завоеватель";x
aegon_the_reclaimer_desc;Всадник великого дракона Балериона, Эйгон завоевал Вольные Города и возродил Валирийский Фригольд, став первым истинным Императором Валирии;x
the_conciliator_desc;Правя вместе со своей сестрой-женой Алисанной, Джейхейрис был мудрым королем, который запомнился за запрет права первой ночи, строительство Королевского Тракта и укрепление мира по всему Вестеросу;x
daemon_blackfyre_desc;Сын Эйгона IV и Дейны Непокорной, Деймон был великим воином, и величайшим из Великих Бастардов. Основатель дома Блэкфайр, которого многие считали истинным наследником Железного Трона;x
mad_king_desc;В начале своего царствования Эйрис II подавал большие надежды, но позднее погрузился в безумие, запомнившись паранойей, жестокостью и одержимостью огнём;x
the_sea_snake_desc;Знаменитый мореплаватель и лорд Дрифтмарка, Корлис Веларион совершил ряд путешествий в далёкие земли, добившись богатства и славы, и став одним из самых могущественных людей Вестероса;x
robert_baratheon_desc;Король Роберт Баратеон поднял успешное восстание против Безумного Короля и сразил принца Рейгара на Трезубце. Умелый воин, он вызывал верность у тех, кто за ним шёл;x
the_shadow_king_desc;Потомки древних королей Черноводного залива из Первых людей, Сумеречных Королей, дом Дарклинов правит Сумеречным Долом, крупным торговым портом в Узком море;x
bloodraven_desc;Один из Великих Бастардов и сын Мисси Блэквуд, Бринден Риверс получил свое прозвище из-за родимого пятна. Искусный в обращении с луком и клинком, Бринден слыл колдуном и чародеем;x
bittersteel_desc;Один из Великих Бастардов и сын Барбы Бракен, Эйгор Риверс был знаменитым воином. Всю жизнь он пребывал в раздражении и испытывал ненависть к младшему брату Бриндену Риверсу;x
seastar_desc;Одна из Великих Бастардов и дочь Серенеи из Лиса, Шира Морская Звезда, по рассказам, была самой прекрасной женщиной Вестероса и использовала магию чтобы сохранять свою красоту;x
maegor_desc;Сын Эйгона Завоевателя и королевы Висеньи, Мейгор был прирождённым воином, но он быстро заработал репутацию злого, жестокого и превыше всего, желающего власти человека;x
mother_of_dragons_desc;Принцесса в изгнании, Дейнерис Таргариен вернула драконов в мир, вылупив троих на погребальном костре своего мужа посреди Дотракийского Моря;x
bran_the_builder_desc;Легендарный основатель дома Старк, по рассказам, общался с великанами и Детьми Леса, и построил Винтерфелл, Стену, Высокую Башню и Штормовой Предел;x
the_young_wolf_desc;Ставший лордом Винтерфелла в юном возрасте, после казни своего отца, Робб Старк слыл военным гением и был провозглашён Королём Севера и Трезубца;x
royce_redarm_desc;Красный Король Дредфорта, Ройс Болтон заработал своё имя тем, что вырывал внутренности пленников голыми руками. Во время войны с домом Старк сжёг Винтерфелл;x
belthasar_bolton_desc;Лорд Дредфорта Бельтазар стал печально известен во время Поругания Трех Сестер, когда соорудил Розовый Шатер из кожи сотни сестринцев;x
bran_the_breaker_desc;Один из ранних Королей Зимы, Брандон объединился с Джорамуном, Королем-за-Стеной, чтобы окончить тринадцатилетнее правление Короля Ночи и освободить Ночной Дозор;x
theon_the_hungry_wolf_desc;Король Зимы во времена Вторжения Андалов, Теон объединился с Болтонами, разгромив андальскую армию в битве на реке Плачущей и жестоко разорив Андалос;x
cregan_stark_desc;Беспощадный лорд Винтерфелла и легендарный мечник периода Танца Драконов, Криган недолгое время правил как десница короля, и это время получило название "Час Волка";x
bael_the_bard_desc;Баэль-Бард был одним из величайших налетчиков одичалых своего времени, затем ставшим Королем-за-Стеной. Он сбежал с дочерью лорда Винтерфелла, которая родила ему сына;x
karlon_stark_desc;Младший сын Короля Зимы, Карлон Старк одержал победу над мятежным Болтоном и получил земли от своего отца за доблесть и отвагу, основав дом Карстарк;x
last_hearth_desc;Когда-то бывшие мелкими королями Первых людей, Амберы стали одним из самых могущественных домов Севера. Близость к Стене делает их целью налетов одичалых;x
first_king_desc;Легендарный Первый король Первых людей, по рассказам, положил начало роду Королей Курганов и был погребен под Великим Курганом в Барроутоне;x
ryder_desc;Райдеры были королями Первых людей после Долгой Ночи, которые правили Родниками. Впоследствии были побеждены и присягнули Королям Зимы;x
manderly_desc;Древний род, когда-то обитавший у Мандера, Мандерли были изгнаны Пиками и нашли приют на Севере в качестве вассалов дома Старк, основав Белую Гавань;x
the_marsh_king_desc;Правители озерных жителей Перешейка, Болотные короли считались тронутыми Старыми Богами. Песни утверждают, что Болотные короли шли в битву на львоящерах;x
bear_island_desc;Древний и гордый дом. Король Родрик Старк отдал Медвежий остров Мормонтам после того, как выиграл его в борцовском поединке у короля железнорождённых;x
hammer_of_justice_desc;Последний истинный великий король Речных земель из Первых людей, Тристифер Мадд, по рассказам, сражался в сотне битв, проиграв только одну, когда семь андальских королей объединились против него;x
bracken_bl_desc;Древний дом Бракенов один из самых могущественных домов Речных земель. Когда-то бывшие королями, они ведут вражду с соседями Блэквудами;x
blackwood_bl_desc;Родом из Вольчего леса, Блэквуды - один из самых могущественных домов Речных земель. Когда-то бывшие королями, они ведут вражду с соседями Бракенами;x
walder_frey_desc;Нарушив законы гостеприимства, Уолдер Фрей организовал Красную Свадьбу, убив множество северян и речников, в том числе короля Робба Старка, своего сюзерена;x
edmyn_tully_desc;Лорд Эдмин Талли был первым речным лордом, который присоединился к Эйгону Завоевателю в походе против Харрена Черного, получив в награду верховное лордство над Речными землями. Позже два года служил Эйгону десницей;x
kermit_tully_desc;Молодой лорд Кермит Талли был одним из сильнейших сторонников Чёрных во времена Танца Драконов, возглавлял речные войска и лично убил лорда Борроса Баратеона в битве;x
mallister_desc;Древний дом Маллистеров один из самых могущественных домов Речных земель. Маллистеры правят Орлиным Мысом и защищают его от налетов железнорожденных;x
black_aly_desc;Тетя лорда Бенджикота, Черная Али Блэквуд была заметным командиром из Чёрных и непревзойдённым лучником. В битве у Горящей Мельницы она сразила сира Амоса Бракена, убийцу её брата;x
artys_arryn_desc;Известный как Рыцарь-Сокол, Артис Аррен повел андалов против Первых людей в битве Семи Звезд и был провозглашен Королем Гор и Долины;x
robar_royce_desc;Величайший Бронзовый король, Робар Ройс был провозглашен Верховным Королем Долины, Перстов и Лунных Гор, и почти преуспел в изгнании андалов из Долины;x
the_talon_desc;Известный как Коготь, Освин Аррен был Королем-воином Гор и Долины, который сражался со Старкам в Войне-через-Воды и сжег Волчье Логово;x
littlefinger_desc;Изначально самый мелкий из мелких лордов, Петир Бейлиш был невероятно умным человеком и использовал свою хитрость чтобы стать одним из самых богатых и могущественных людей Вестероса;x
jaime_corbray_desc;Знаменитый андальский рыцарь, участник битвы Семи Звёзд, где сумел вернуть Покинутую дому Корбреев. Возможно, именно сир Джейме убил Робара Ройса в битве Семи Звёзд;x
gerold_grafton_desc;Андальский военачальник, Герольд Графтон объявил себя королём Чаячьего города после смерти Осгуда Шетта, который искал помощи в Андалосе и отдал за нее Герольду свою дочь;x
redfort_desc;Один из самых могущественных и древних домов Долины, Редфорты ведут свой род от Первых людей. В битве Семи Звёзд лорда Редфорта разбил Мрачный Торгольд Толлетт;x
hunter_a_desc;Один из самых могущественных и древних домов Долины, Хантеры ведут свой род от Первых людей. Они сражались в битве Семи Звёзд, позже преклонив колена перед Арренами;x
ursula_upcliff_desc;Прозванная невестой короля мерлингов, Урсула Апклифф была известной ведьмой и одним из лидеров Первых людей в войне против андалов. Была убита Мрачным Торгольдом Толлеттом;x
gulltown_arryns_desc;Младшая ветвь дома Аррен, Аррены из Чаячьего города разбогатели на браках с купцами, но потеряли уважение, и, как следствие, считаются неотёсанными и грубыми людьми;x
ruthermont_desc;Старый и могущественный дом Долины, идущий от андалов. Возможно, именно лорд Резермонт убил Робара Ройса в битве Семи Звёзд;x
torgold_the_grim_desc;Набожный андальский воин, с нарисованной звездой на груди, Торгольд Толлетт убил много героев Первых людей в битве Семи Звёзд, перед тем как умереть от руки Робара Ройса;x
luceon_templeton_desc;Знаменитый андальский рыцарь, сражавшийся в битве Семи Звёзд, сир Люцеон Темплтон, рыцарь Девяти Звезд. Возможно, именно он убил Робара Ройса;x
durran_godsgrief_desc;Легендарный основатель дома Дюррандон, Дюрран завоевал любовь Эленеи, дочери морского бога и богини ветра, построив замок Штормовой Предел чтобы защитить себя от божьего гнева;x
orys_baratheon_desc;Величайший полководец Эйгона I, и по слухам, его брат-бастард, Орис Баратеон сразил Штормового короля Аргилака, взяв себе его земли, герб и дочь;x
galladon_of_morne_desc;Прозванный Безупречным Рыцарем, Галладон был легендарным рыцарем с острова Тарт, любимым Девой и владевшим волшебным мечом. Многие жители Тарта числят его среди своих предков;x
swann_desc;Дом Сванн - один из самых могущественных домов в Штормовых землях. Они утверждают, что являются самыми старыми из марочных лордов. Имеют давнюю вражду с дорнийцами;x
lightning_lords_desc;Первый Дондаррион был гонцом, которого спасла от смерти молния, позволив ему донести послание от Штормового короля в Марки. Став марочными лордами, они защищают свои земли от дорнийцев;x
lord_of_the_marches_desc;Дом Каронов носит титул Лордов Марок и является одним из самых могущественных домов в Штормовых землях. Имеют давнюю вражду с дорнийцами;x
renly_baratheon_desc;Король Ренли Баратеон - младший сын Стеффона Баратеона, после смерти своего брата Роберта, был объявлен королем в Хайгардене, женившись на Маргери Тирелл;x
grey_king_desc;Легендарный первый Верховный король железнорождённых и предок большинства значимых домов Железных Островов, Серый Король убил морского дракона Наггу, выстроив себе чертог из останков монстра;x
good_brother_desc;Верный брат Серого Короля основал дом Гудбразеров, уважаемый и могущественный дом Железных Островов. По количеству выбранных на Вече королей они уступают только Грейайронам;x
harwyn_hardhand_desc;Харвин Хоар наследовал своему осторожному отцу Куорвину и стал Железным королём. После захватил Речные земли у дома Дюррандон, став первым Королем Рек и Островов;x
red_kraken_desc;Лорд Железных Островов во времена Танца Драконов, Дальтон Грейджой был знаменитым налетчиком, грабил до далекого Старого Гиса и сжег многие земли Запада;x
house_codd_desc;Презираемый всеми дом, потомки невольников и соленых жен. Мужчин Коддов считают двуличными пронырами, а их женщин потаскухами, спящих с родственниками;x
lysandro_the_magnificent_desc;Лисандро был главой банка Рогаре, который одно время был более могущественным чем Железный Банк. Хоть он и стал Первым магистром Лиса, многим не нравилось его правление;x
saan_desc;Древняя лисенийская семья валирийского происхождения, Сааны породили множество знаменитых и выдающихся моряков, адмиралов и пиратов;x
hyrkoon_the_hero_desc;Основатель Вотчины Гиркуна, которое носит его имя, Гиркун был легендарным героем Эссоса. Некоторые полагают, что он и есть тот самый Азор Ахай;x
grazdan_the_great_desc;Легендарный основатель Старого Гиса, Граздан Великий создал могучие строевые легионы и воздвиг кирпичные стены Гиса, основав Гискарскую империю;x
huzhor_amai_desc;Первый из Высокий Людей, Хужор был последним сыном королевы-рыбачки, сражался с Волосатыми Людьми и объединил гиппов, симерийцев и зокорцев. Некоторые полагают, что он и есть тот самый Азор Ахай;x
prince_garin_desc;[This.GetTitledFirstName] был[GetEndA] объявлен[GetEndA] людьми Ройны носителем духа великого принца-воина Гарина, который повел огромную армию против Валирии;x
hugor_of_the_hill_desc;[This.GetTitledFirstName] был[GetEndA] объявлен[GetEndA] людьми Андалоса носителем духа Хугора с Холма, первого короля Андалоса и избранника Семерых;x
qarlon_the_great_desc;[This.GetTitledFirstName] был[GetEndA] объявлен[GetEndA] носителем духа Кварлона Великого, короля Лората, который правил землями от залива будущего Браавоса до восточного побережья Секиры;x
khiara_desc;Божественная императрица Лэнга, Киара Великая установила традицию для божественных императриц: брать себе двух мужей, одного лэнгийца и одного итийца;x
black_pearl_desc;Дочь сына Морского владыки и принцессы с Летних островов, Беллегера Отерис была контрабандисткой, пираткой, куртизанкой и любовницей Эйгона IV, известной как Чёрная Жемчужина;x
veiled_lady_desc;Линия куртизанок Браавоса. Считаются очень красивыми, хотя никто, кроме их любовников, не видит их лица. У них есть своя барка и слуги, которые ведут барку к местам свиданий;x
merling_queen_desc;Линия куртизанок Браавоса. Они никогда не появляются без своих русалок, которые носят их шлейф и волосы. Русалки - четыре юные, еще только расцветающие девы;x
moonshadow_desc;Линия куртизанок Браавоса, носят только белое и серебряное. Они красивы, и имеют свою барку и слуг, которые ведут барку к местам свиданий;x
daughter_of_dusk_desc;Линия куртизанок Браавоса. Они красивы, и имеют свою барку и слуг, которые ведут барку к местам свиданий;x
nightingale_desc;Линия куртизанок Браавоса. В Браавосе брави вызывают людей на дуэль, если они отказываются признать Соловья самой красивой женщиной в мире;x
jon_snow_desc;Бывший бастард из Винтерфелла, Джон Сноу был объявлен тайным сыном Рейгара Таргариена и Лианны Старк, и претендовал на Железный Трон по праву рождения;x
jon_snow_nottarg;Бывший бастард из Винтерфелла, Джон Сноу был объявлен тайным сыном Рейгара Таргариена и Лианны Старк, и претендовал на Железный Трон по праву рождения;x
aegon_vi_desc;Долгое время считавшийся мертвым, Эйгон Таргариен, сын Рейгара и Элии Дорнийской, вернулся в Вестерос во главе Золотых Мечей и потребовал Железный Трон для своего дома;x
piper_desc;Могущественный дом Речных земель, Пайперы долгое время правили Розовой Девой, которая охраняет Речные земли от западников, проходящих через Золотой Зубец;x
connington_desc;Могущественный дом Штормовых земель, Коннингтоны долгое время правили Грифоньим Гнездом. Вступая в бой они кричали "Грифон! Грифон!";x
poetess_desc;Линия куртизанок Браавоса. В их руках всегда находится книга, и они имеют свою барку и слуг, которые ведут барку к местам свиданий;x
red_viper_desc;Второй сын принцессы Дорна, Оберин Мартел - знаменитый боец, имеющий дурную славу хитрого и опытного отравителя, и известен как Красный Змей Дорна;x
tywin_desc;Будучи наследником Утеса Кастерли, Тайвин Ланнистер получил широкую известность, уничтожив дома Рейнов и Тарбеков, двух самых непокорных вассалов своего отца;x
bar_emmon_desc;Андальский военачальник, который женился на дочери Джошуа Масси и основал новое королевство на Крюке Масси. Он построил замок Острый Мыс на окончании Крюка;x
massey_desc;Печально известный пират, Джастин Молочноглазый правил Крюком Масси и сражался против Штормового короля Эриха VII Дюррандона, который хотел завоевать полуостров;x
darry_desc;Древний дом из эпохи Первых людей. Во времена Вторжения Андалов три сына лорда Дарри отражали атаки андальского полководца Вориана Випрена у Вдовьего Брода, пока не пали сами;x
hornwood_desc;Древний и могущественный северный дом, Хорнвуды с незапамятных времён правили одноимённым лесом и служили дому Старк верными вассалами;x
glover_desc;Когда-то бывшие мелкими королями Первых людей, Гловеры стали одним из самых могущественных домов Севера, правя огромным Вольчим лесом как владетели Темнолесья;x
flint_desc;Когда-то бывшие королями Первых людей, Флинты стали одним из самых могущественных домов Севера. Имеют несколько ветвей дома, самой старой из которых являются Первые Флинты;x
horonno_desc;Член партии тигров, который правил в Век Крови, Хоронно был триархом Волантиса. Он каждый год избирался снова, прослужив сорок лет;x
drahar_desc;Мирийский принц-адмирал, который командовал армиями Триархии, Драхар заработал своё прозвище "Кормилец Крабов", приказав привязать к столбам и оставив тонуть в море сотни пиратов;x
pureborn_desc;Потомки древних королей и королев Кварта, Чистокравные правят Квартом из Зала Тысячи Тронов. Также Чистокровные командуют Гражданской гвардией;x
laughing_storm_desc;Уважаемый во всех Семи Королевствах лорд Баратеон из Штормового Предела был известен своим весёлым нравом и мастерством оружия. Сражался в Суде Семерых на Эшфордском турнире;x
dawnbreaker_desc;[This.GetTitledFirstNameNoRegnal] повел[GetEndA] армии людей в победоносной Войне за Рассвет и разбил[GetEndA] Иных;x
night_king_desc;[This.GetTitledFirstNameNoRegnal] поклонялся Иным и нарушил свои клятвы, став Королем Ночи, обращая своих присяжных братьев;x
plowman_desc;Пейт Пахарь был основателем дома Морлендов и легендарным героем Западных земель;x
clawisle_desc;Древний дом выходцев из Валирии, Селтигары известны желанием править всей Расколотой Клешней и тем, что вытряхивают каждую монету из своих подданых;x
drop_of_the_dragon_desc;Последние драконьи владыки, пережившие Рок Валирии, Таргариены бежали на Драконий Камень, и те, в ком течет их кровь, имеют врожденную связь с драконами;x
two_drops_desc;Сын лорда Оссифера и Элейны Таргариен, Визерис Пламм, по всей видимости, был зачат в их первую брачную ночь, но лорд Оссифер умер прямо в постели, что стало поводом для всевозможных слухов: толковали, будто настоящим отцом ребёнка был кузен Элейны, Эйгон;x
plumm_desc;Пламмы - гордый и древний дом Западных земель, идущий от Первых людей. Один из самых могущественных вассалов Ланнистеров;x
lord_of_tides_desc;Веларионы из Дрифтмарка - древний валирийский дом. Они издавна контролируют вход в Черноводный залив со своего плавникового трона и часто роднились с Таргариенами;x
lothston_desc;Шестой дом, владеющий великим замком Харренхолл, Лотстоны - один из самых могущественных домов в Речных землях, известные своими темными делами;x
danelle_lothston_desc;Безумная леди Харренхолла, Данелла Лотстон, по рассказам, обращалась к темным искусствам, купалась в крови, ела человеческую плоть, и отправляла огромных нетопырей красть для неё детей;x
whent_desc;Седьмой дом, владеющий великим замком Харренхолл, Уэнты - один из самых могущественных домов в Речных землях;x
harrenhal1_desc;[This.GetTitledFirstName] был[GetEndA] могущественн[GetOyYm] лордом/леди Харренхолла и многое сделал[GetEndA], чтобы восстановить замок в его былом величии, судя по всему, раскрыв некоторые секреты его прошлых владетелей;x
harrenhal2_desc;[This.GetTitledFirstName] был[GetEndA] могущественн[GetOyYm] лордом/леди Харренхолла и многое сделал[GetEndA], чтобы восстановить замок в его былом величии, но похоже, что в стенах замка [This.GetSheHe] сош[GetLaYol] с ума;x
brune_desc;Братья Брюны были чемпионами дома Брюн, которые запомнились тем, что принесли мир на Расколотую Клешню, хоть он и не пережил их надолго;x
great_warg_desc;[This.GetTitledFirstName] достиг[GetNoneE] того, на что способны лишь немногие оборотни, и стал[GetEndA] хозяином многих зверей, надевая их шкуру как свою собственную. Вне сомнения, [This.GetSheHe] благословен[GetEndA] Старыми Богами;x
tormund_desc;Краснобай, Трубящий в Рог, Громовой Кулак, Медвежий Муж, Медовый Король Красных Палах, Собеседник Богов и Отец Тысяч, Тормунд был великим героем вольного народа;x
mance_desc;Когда-то брат Ночного Дозора, Манс покинул свой пост, путешествовал среди вольного народа и строил союзы, впоследствии став Королем-за-Стеной;x
red_raven_desc;Младший брат Реймунда Рыжебородого, Красная Птица получил своё прозвище из-за своих волос и потому что барду, который сочинил про него песню, требовалась рифма к словам "бежит и не стыдится";x
kbtw_desc;[This.GetTitledFirstName] достиг[GetNoneE] того, на что были способны лишь немногие в истории вольного народа, и объединил[GetEndA] разрозненные племена за Стеной в одну могучую армию;x
thenn_desc;Живущие в долине на дальнем севере и вооруженные бронзой, тенны считают себя последними из Первых людей, и верят, что их магнар больше бог, чем человек;x
winged_wolf_desc;После того, как он потерял возможность ходить, Бран Старк достиг уровня силы, редкую среди варгов, и был наделен зеленовидением и умением повелевать любым животным;x
arlan_avenger_desc;Один из самых могущественных Штормовых королей, Арлан I расширил границы Штормового Королевства до устья Черноводной и истоков Мандера;x
argilac_arrogant_desc;Могучий Штормовой король, Аргилак еще подростком отразил вторжение Дорна, позднее помог победить Тигров, и убил короля Гарса VII Гарднера в поединке;x
young_dragon_desc;Юный Дракон, Дейрон Таргариен был могучим воином и знаменитым полководцом, который совершил то, что даже Завоеватель не смог, завоевав Дорн;x
the_blessed_desc;Самый благочествиый король на Железном троне, Бейлор был любим простым народом и Святой Верой, и утверждал, что Семеро говорили с ним, но другие считали его сумасшедшим фанатиком;x
viserys_ii_desc;Младший сын принца Деймона и Королевы-на-полгода, Визерис провёл большую часть своей юности в Лисе, под защитой Рогаре. По возвращении умело служил своему брату десницей;x
oakenfist_desc;Урождённый Алин из Халла, Алин был бастардом или Лейнора, или Корлиса Велариона, узаконенным во время Танца. Он был знаменитым мореплавателем, добившимся славы своими путешествиями и победами;x
addam_velaryon_desc;Урождённый Аддам из Халла, Аддам была бастардом либо Лейнора, либо Корлиса Велариона, узаконенным во время Танца. Он был непреклонным, решительным, бойким на язык и верным.;x
rhaegar_desc;Рожденный посреди Трагедии Летнего Замка, Рейгар был из потомства Эйриса и его сестры, Рейллы, из которого, по предсказанию лесной ведьмы, родится Обещанный Принц;x
oakenseat_desc;Должен был появиться поистине мудрый правитель, чтобы восстановить Дубовый трон, и сделав это, [This.GetTitledFirstName] проявил себя бесспорным наследником Гарта Зеленорукого;x
raventree_desc;Должен был появиться поистине мудрый правитель, чтобы восстановить Чардрево Воронодрева, и сделав это, [This.GetTitledFirstName] доказал[GetEndA], что действительно благословен[GetEndA] Старыми Богами;x
penrose_desc;Дом Пенроз, один из самых могущественных домов Штормовых земель, правят из замка Пергаменты. Те, кто носит кровь Пенрозов известны своей храбростью;x
little_lion_desc;Сир Уилберт Осгрей, Маленький Лев, был младшим сыном Хранителя Северных Марок. Он убил Ланселя IV, короля Утеса, на Алом Озере, и спас Простор;x
bloodstone_bloodline_desc;С помощью темной магии и гнусных злодеяний [This.GetTitledFirstName] восстановил[GetEndA] древний Кровавый Камень, которому поклонялся Император Кровавой Яшмы, виновник Долгой Ночи из-за Предательства Крови;x
palanquin_bloodline_desc;Должен был появиться поистине мудрый правитель, чтобы воссоздать великий Жемчужный Паланкин Бога-на-Земле, и сделав это, [This.GetTitledFirstName] показал[GetEndA] себя бесспорн[GetOyYm] Божественн[GetOyYm] [GetEmpressEmperorINS] И-Ти;x
yellow_emperors_desc;Члены династии Чай из Желтых Императоров были искусными дипломатами и их правление было отмечено договорами с Валирийским Фригольдом и более дальними землями;x
sea_green_emperors_desc;Члены династии Цзяр из Императоров Морской Волны были искусными воинами, под их правлением И-Ти достигла своего пика, владея Лэнгом и Большим Мораком, и взимая дань с Кварта, Гиса и Асшая;x
scarlet_emperors_desc;Династия Ло Алых Императоров была многолетней династией, которая построила великий город Си-Цо, ставший их столицей. Они были известны колдовской и военной мощью;x
purple_emperors_desc;Династия Пурпурных Императоров была известна за развитие торговли и правила из Тикуи, многобашенного города в западных холмах, соединённого торговыми путями с Баясабадом и Торговым Городом;x
maroon_emperors_desc;Династия Бордовых Императоров правила из Цзиньци, где они держали военную ставку, чтобы надежнее оберегать границы империи от набегов из Края Теней;x
jade_green_emperors_desc;Члены династии Менго из Нефритово-Зеленых Императоров были известным своим хвастливым и легкомысленным стилем жизни, который они использовали чтобы подчеркнуть свой статус;x
indigo_emperors_desc;Члены династии Чок из Индиговых Императоров правили из Иня, и былы известны периодической горбатостью и проблемами с производством мужских наследников;x
grey_emperors_desc;Члены династии Хар из Серых Императоров были искусными воинами, так как сражались во многих битвах чтобы удержать свою хватку над Золотой Империей И-Ти;x
azure_emperors_desc;Династия Бу Лазурных Императоров придавала особое значение божественному титулу императора, правя из древнего города Инь;x
pearl_white_emperors_desc;Члены династии Жемчужно-Белых Императоров были мудрыми правителями и правили из города Инь в течении сто тридцати лет в мире и процветании;x
orange_emperors_desc;Члены династии Пол из Оранжевых Императоров были искусными воинами, так как часто нападали на джогоснхайцев из своей столицы в Торговом Городе;x
chai_duq_emperors_desc;Четвёртый Жёлтый Император, Чай Дук был женат на валирийке благородных кровей и держал при дворе дракона;x
yellow_sorceror_desc;[This.GetTitledFirstName] был изгнанным лордом-чародеем, который утверждал, что он шестьдесят девятый Желтый Божественный Император И-Ти, правя из города Каркоса в Рассветных горах;x
jar_har_emperors_desc;Шестой Император Морской Волны, Цзяр Хар завоевал Лэнг, прекратил убийства чужеземцев на острове и закрыл проходы в древние руины;x
jar_joq_emperors_desc;Седьмой Император Морской Волны, Цзяр Цзок завоевал Большой Морак, взяв контроль над Нефритовыми Вратами;x
jar_han_emperors_desc;Восьмой Император Морской Волны, Цзяр Хан наследовал своему брату, и взимал дань с Кварта, Старого Гиса и Асшая;x
lo_tho_emperors_desc;Двадцать второй Алый Император, Ло Тхо был колдуном, прозванным Ло Ужасным, и по преданиям поедал мозги своих врагов длинной перламутровой ложкой;x
lo_bu_emperors_desc;Сорок третий Алый Император, Ло Бу был великим воином, известным как Чересчур Храбрый Мальчик, и пошел войной на джогоснхайцев, грабивших северные границы;x
mengo_quen_emperors_desc;Третий Нефритово-Зеленый Император, Менго Цюень был известен как Блистающий Бог, так как правил из дворца, где все убранство было сделано из золота, даже ночные горшки;x
har_loi_emperors_desc;Первый Серый Император, Хар Лой, по рассказам, имел седло вместо трона, так как провел все свое царствование на войне, переезжая от одной битвы к другой;x
nine_eunuch_emperors_desc;Евнухи Жемчужно-Белой династии дали Империи И-Ти сто тридцать лет мира и процветания. По восшествии на трон каждый из них кастрировал себя, чтобы без остатка посвятить себя империи;x
pol_qo_emperors_desc;Первый Оранжевый Император, Пол-Ко был великим воином, прозванным Молотом Джогос-Нхая за его победы над кочевниками, которые грабили северные границы;x
scourge_plains_emperors_desc;По восшествии на трон И-Ти [This.GetTitledFirstName] объявил[GetEndA], что [This.GetHerHis] род истребит кочевников Джогос-Нхай, заполонивших северные границы империи;x
benevolent_eunuch_emperors_desc;По восшествии на трон И-Ти [This.GetTitledFirstName] постановил[GetEndA], что правители [This.GetHerHis] рода будут кастрированы в начале своего царствования, чтобы лучше посвятить себя империи;x
scion_plains_emperors_desc;По восшествии на трон И-Ти [This.GetTitledFirstName] объявил[GetEndA], что [This.GetHerHis] род будет искать мира с кочевниками равнин и стремиться разрешать все проблемы дипломатией;x
shield_shadow_emperors_desc;По восшествии на трон И-Ти [This.GetTitledFirstName] объявил[GetEndA], что [This.GetHerHis] род будет охранять западные границы, отражая набеги из Края Теней;x
sorceror_emperors_desc;По восшествии на трон И-Ти [This.GetTitledFirstName] объявил[GetEndA], что [This.GetHerHis] род будет исследовать высшие таинства и темные секреты мира, чтобы сохранить их силу;x
peasant_emperors_desc;По восшествии на трон И-Ти [This.GetTitledFirstName] объявил[GetEndA], что [This.GetHerHis] род улучшит положение крестьян, тем самым укрепив империю;x
bureaucrat_emperors_desc;По восшествии на трон И-Ти [This.GetTitledFirstName] постановил[GetEndA], что [This.GetHerHis] род положится на умения имперской бюрократии, а не знати;x
diplomat_emperors_desc;По восшествии на трон И-Ти [This.GetTitledFirstName] объявил[GetEndA], что [This.GetHerHis] род будет укреплять мир и торговлю с королевствами, окружающими И-Ти;x
living_god_emperors_desc;По восшествии на трон И-Ти [This.GetTitledFirstName] объявил[GetEndA], что [This.GetHerHis] род будет придавать особое значение божественному аспекту императоров, чтобы сохранить их правление;x
maggy_frog_desc;Мейга из Эссоса, женщина, известная как Мэгги Лягушка, приехала в Ланниспорт со своим мужем торговцем. Там она стала колдуньей и предсказательницей, занимавшейся лечебными и любовными зельями;x
trianna_desc;Член партии слонов, которая положила конец правлению тигров, Трианна была триархом Волантиса. Ее переизбирали четыре раза, что редкий случай для женщины;x
black_swann_desc;Порабощенная пиратами в пятнадцать лет, Джоханна Сванн была племянницей лорда Каменного Шлема. Она стала известной куртизанкой, известной как Чёрный Лебедь, и негласной правительницей Лиса;x
strong_bl_desc;Дом Стронгов - древний дом, идущий от Первых людей. Стронги один из самых значимых домов Речных земель, и известный своей силой и хитростью;x
dragonrider_bloodline_desc;Во время жизни [This.GetTitledFirstName], несколько членов [This.GetHerHis] династии уже приручили драконов. Как следствие, [This.GetTitledFirstName] смог[GetNoneE] передать значительную часть драконьих знаний;x
frey_bloodline_desc;Дом Фрей - молодой дом, основатель которого построил мост через Зелёный Зубец, став первым Лордом Переправы. С тех пор Фреи собирали пошлину за проход по мосту;x
blacktyde_bloodline_desc;Блэктайды из Черной Волны - древний дом железнорождённых. Они утверждают, что произошли от Бейлона Черношкурого, сына Серого Короля, легендарного налетчика, по рассказам, неуязвимого к любому людскому оружию;x
botley_bloodline_desc;Ботли из Лордспорта - древний дом с Пайка, утверждающие, что произошли от Серого Короля. Поскольку Лордспорт самое крупное поселение на островах, Ботли ценят торговлю больше, чем другие железнорождённые;x
drumm_bloodline_desc;Драммы со Старого Вика - древний дом железнорождённых, которые когда-то правили как каменные короли Старого Вика. Они утверждают, что произошли от Серого Короля и имеют репутацию бесстрашных налётчиков;x
farwynd_bloodline_desc;Фарвинды - древний дом с запада Железных Островов. Они утверждают, что произошли от Серого Короля и имеют репутацию бесстрашных налётчиков, колдунов и безумных моряков;x
greyjoy_bloodline_desc;Грейджои из Пайка - древний дом, утверждающий, что ведет свой род от Серого Короля. По количеству выбранных на Вече королей они уступают только Грейайронам и Гудбразерам;x
harlaw_bloodline_desc;Харлоу с острова Харлоу - древний дом железнорождённых, утверждающий, что ведет свой род от Серого Короля. Когда-то они правили как короли камня и соли, и были известными налётчиками;x
kenning_bloodline_desc;Кеннинги - древний дом железнорождённых с острова Харлоу. Они утверждают, что произошли от Серого Короля и имеют репутацию бесстрашных налётчиков;x
merlyn_bloodline_desc;Мерлины из Пебблтона - дом с острова Большой Вик, утверждающие, что произошли от Серого Короля. Поскольку Пебблтон крупное поселение, Мерлины ценят торговлю больше, чем другие железнорождённые;x
myre_bloodline_desc;Майры - древний дом железнорождённых с острова Харлоу. Они утверждают, что произошли от Серого Короля и имеют репутацию бесстрашных налётчиков;x
orkwood_bloodline_desc;Орквуды - древний дом железнорождённых с острова Оркмонт. Они утверждают, что произошли от Серого Короля и имеют репутацию бесстрашных налётчиков;x
saltcliffe_bloodline_desc;Солтклиффы - древний дом железнорождённых с острова Соленый Утес. Они утверждают, что произошли от Серого Короля и имеют репутацию бесстрашных налетчиков;x
sparr_bloodline_desc;Спарры - древний дом железнорождённых с острова Большой Вик. Они утверждают, что произошли от Серого Короля и имеют репутацию бесстрашных налётчиков;x
stonehouse_bloodline_desc;Стоунхаузы - древний дом железнорождённых с острова Старый Вик. Они утверждают, что произошли от сына Серого Короля, Ральфа Оборванца, и имеют репутацию бесстрашных налётчиков;x
stonetree_bloodline_desc;Стоунтри - древний дом железнорождённых с острова Харлоу. Они утверждают, что произошли от Серого Короля и имеют репутацию бесстрашных налётчиков;x
sunderly_bloodline_desc;Сандерли - древний дом железнорождённых с острова Солёный Утес. Они утверждают, что произошли от Серого Короля и имеют репутацию бесстрашных налётчиков;x
tawney_bloodline_desc;Тауни - древний дом железнорождённых с острова Оркмонт. Они утверждают, что произошли от Серого Короля и имеют репутацию бесстрашных налётчиков;x
volmark_bloodline_desc;Волмарки - древний дом железнорождённых с острова Харлоу. Они утверждают, что произошли от Джорла Кита, сына Серого Короля, и имеют репутацию бесстрашных налётчиков с богатой историей;x
wynch_bloodline_desc;Винчи - древний дом железнорождённых с острова Пайк. Они утверждают, что произошли от Серого Короля и имеют репутацию бесстрашных налётчиков;x
ironmaker_bloodline_desc;Эрик Айронмейкер, Справедливый, Молотобоец, был бесстрашным налётчиком с Железных Островов, известным своей огромной силой. В юности ходил в морские походы с Дагоном, Последним Разорителем;x
ironfoot_bloodline_desc;Уррас Грейайрон был первым Верховным королем Железных Островов. Соленый король Оркмонта и величайший разоритель своей эпохи, Уррас был избран на Вече, созванном Гейлоном Белым Посохом;x
ravenfeeder_bloodline_desc;Каменный король Старого Вика, Регнар Драмм, Кормилец Воронов, был третьим Верховным королём Железных Островов. Регнар был избран на Вече, созванном состарившимся Гейлоном Белым Посохом;x
qhored_cruel_bloodline_desc;Куоред Жестокий был могущественным Верховным королём Железных Островов. Будучи юношей он разграбил Старомест, а позднее пресек род Джастменов, убив короля Бернарра II и его сыновей;x
old_kraken_bloodline_desc;Лорон Грейджой был могущественным Верховным королём Железных Островов. Он возглавил вторжение на западные берега Севера, захватив Медвежий остров и мыс Кракена;x
coldwind_bloodline_desc;Бейлон Грейджой Холодный Ветер был могущественным Верховным королём Железных Островов. Он возглавил вторжение на западные берега Севера, уничтожив флот короля Севера;x
harron_bloodline_desc;Харрон Харлоу был могущественным Верховным королём Железных Островов, избранным на Вече. Он зарезал короля Гарета II Гарднера, короля Простора, под стенами Староместа;x
maidensbane_bloodline_desc;Джорон Блэктайд Девичья Погибель был могущественным Верховным королём Железных Островов. Он захватил короля Джайлса II Гарднера, использовав его тело как корм для рыб, а позже жестоко разорил Арбор;x
redhand_bloodline_desc;Уррон Грейайрон был первым королём Железных Островов, который сделал этот титул наследственным, перебив почти всех участников Вече и сломив власть жрецов;x
stumphand_bloodline_desc;После того, как союз Орквудов, Драммов, Хоаров и Грейджоев сверг последнего Грейайрона, Харрас Хоар стал королём, или через танец пальцев, или через связи с андалами;x
necromancer_drumm_bloodline_desc;Легендарный герой железнорождённых, Дагон Драмм, по рассказам, был колдуном и некромантом. О его подвигах сохранилось множество историй;x
reader_harlaw_bloodline_desc;Лорд Десяти Башен, Родрик Харлоу был учёным человеком, известным как Чтец и обладал страстью к чтению, которую разделяли немногие железнорождённые;x
knight_harlaw_bloodline_desc;Сын Харлоу и Серретт, сир Харрас Харлоу был умелым воином, владевшим валирийским мечом Сумрак. Также он был посвящен в рыцари, что редкость на Железных островах;x
twice_crowned_bloodline_desc;Упрямый, бесстрашный и непримиримый железнорождённый, Бейлон Грейджой поднял восстание против Роберта Баратеона, только чтобы потерпеть поражение. После смерти Роберта он снова увенчал себя короной из плавника;x
vance_desc;Самый могущественный андальский военачальник из Речных земель, король Армистед Вэнс был тем, кто разбил Тристифера IV Мадда в его последней битве;x
vorian_vypren_desc;Главнокомандующий армии андалов, вторгшейся в Речные земли, Вориан Випрен со своими рыцарями сражался в битве у Вдовьего Брода против сыновей лорда Дарри;x
clarence_crabb_desc;Легендарный герой, сир Кларенс был восьми футов роста и настолько сильным, что выкорчевывал деревья. Его замок Шёпоты был заполнен заколдованными отрубленными головами, которые давали сиру Кларенсу советы;x
hardy_desc;Легендарный герой, лорд Люсифер Харди был могучим чемпионом Расколотой Клешни, принёсшим временный мир на полуостров;x
roddy_ruin_desc;Лорд Барроутона во времена Танца, Родди Развалина командовал двумя тысячами северной конницы, известными как Зимние Волки. Поддерживал Черных, возглавляя множество жестоких нападений на врага;x
webber_widow_desc;Леди Холодного Рва, Роанна Веббер была известна своей красотой, хитростью, и множеством мужей, впервые овдовев в десять лет;x
seaworth_desc;Опытный контрабандист, сир Давос смог провезти судно с луком в осаждённый Штормовой Предел. За это его сделали рыцарем - за годы контрабанды ему отрубили четыре фаланги пальцев;x
celtigar_desc;Древний дом, родом из Старой Валирии;x
dayne_desc;Дом Мечей Зари;x
velaryon_desc;Дом Веларионов - Старый, Верный, Отважный;x
greenseer_bloodline_desc;[This.GetTitledFirstName] был[GetEndA] зеленовидцем, избранником Старых Богов, способн[GetOyYm] смотреть глазами чардрев и видеть истину, скрытую под землей;x
kingslayer_bloodline_desc;Искусный воин, сир Джейме Ланнистер из Королевской Гвардии нарушил свою клятву королю Эйрису II, убив его у Железного трона, во время разорения Королевской Гавани;x
breakspear_mbs_desc;Первенец Дейрона II и Мирии Мартелл, Бейлор был умелым воином, и имел всё, что можно пожелать рыцарю, лорду и наследнику. В битве на Краснотравном поле он обрел великую славу;x
sword_morning_mbs_desc;Дом Дейн - древний дом из Красных гор. По рассказам, первый Дейн возвел Звездопад в устье Быстроводной, отследив упавшую звезду до того места;x
tourney_champ_mbs_desc;[This.GetTitledFirstName] был[GetEndA] исключительным рыцарем, стал победителем многих ожесточенных турниров, завоевав себе славу одного из лучших рыцарей своего времени;x
melee_champ_mbs_desc;Северяне предпочитают заведомо жестокие схватки, полные травм и смертей, турнирам. [This.GetTitledFirstName] смог[GetNoneE] победить во многих подобных соревнованиях, завоевав себе славу одного из лучших воинов своего времени;x
basilisk_bl_desc;[This.GetTitledFirstName] руководил[GetEndA] колонизацией города Гогоссос, раскрыв множество секретов утраченных темных искусств и найдя древний меч из валирийской стали;x
chimera_bl_desc;[This.GetTitledFirstName] правил[GetEndA] королевством Северная Валирия и был[GetEndA] признан[GetEndA] наследником Фригольда. Следует особо отметить, что жрецы Мантариса даровали правителю древний меч из валирийской стали;x
sphinx_bl_desc;[This.GetTitledFirstName] правил[GetEndA] возрождённым древним Царством Ифекевронов и учи[GetLasLsya] магии у низкорослых ходоков по деревьям, которых долгое время считали легендой;x
behemoth_bl_desc;[This.GetTitledFirstName] отправился в таинственное королевство Джогвин, глубоко в Костяных горах. Пока там шепчут, что [This.GetSheHe] нашел древнюю пещеру, в которой жил последний из могучих Джогвинов, и сразился с ним, выиграв могучий меч из валирийской стали. Сразив древнего великана, [This.GetSheHe] изменился, стал сильнее и выше чем прежде, как будто [This.GetSheHe] поглотил часть силы Джогвина.;x
shett_bl_desc;Древний род, идущий от Первых людей, дом Шеттов когда-то правил Чаячьим городом и носил титул королей Истинных Людей, уходивший корнями к Эпохе Рассвета;x
axel_tully_desc;Древний и могущественный род речной знати, идущий от Первых людей. Сир Эдмар Талли храбро сражался за королей из дома Маддов, а его сын Аксель выстроил великий замок Риверран;x
hodor_mbs_desc;Ходор;x
marbrand_desc;Древний род, дом Марбрандов был создан во время Вторжения Андалов через брачные союзы Первых людей и андалов, и долгое время охранял восточные границы Западных земель;x
brax_desc;Древний род, дом Браксов был создан во время Вторжения Андалов через брачные союзы Первых людей и андалов, и является одним из самых могущественных домов Западных земель;x
jast_desc;Древний род, дом Джастов был создан во время Вторжения Андалов через брачные союзы Первых людей и андалов, и является одним из самых могущественных домов Западных земель;x
qoherys_bl_desc;Опытный мастер над оружием Драконьего Камня, сир Квентон Квохерис был сделан лордом Харренхолла Эйгоном I и стал одним из самых могущественных лордов в новом королевстве;x
harroway_bl_desc;Древний и богатый речной дом родом из города лорда Харровея, Харровеи были известны своим эгоизмом и амбициозностью;x
towers_bl_desc;После того как Мейгор Жестокий уничтожил Харровеев, он объявил, что Харренхолл получит самый сильный из его рыцарей. Двадцать три рыцаря сражались до смерти за награду и сир Уолтон стал победителем;x
wydman_mbs_desc;Уважаемый дом Вайдманов из Долины начинает свою историю с турнира, на котором скромный основатель дома победил пятерых рыцарей из Долины и Западных земель, завоевав большую славу;x
mooton_desc;Древний и могущественный дом, идущий от Первых людей, дом Мутонов когда-то правили как короли, породили множество воинов и управляли одним из самых богатых городов на Трезубце;x
joffrey_doggett_desc;Капитан ордена Сынов Воина, сир Джоффри Доггетт вел героическую партизанскую войну против короля Мейгора Жестокого;x
leech_lord_desc;Русе Болтон спланировал зверскую Красную Свадьбу, был награждён верховным лордством Севера, но вызвал ненависть как северян, так и речников;x
jon_hogg_desc;Рыцарь из Королевских земель, сир Джон Хогг был известен своей силой и воинским мастерством, завоевав большую славу под именем Большой Джон Хогг;x
bronn_desc;Коварный, опытный и беспощадный наемник, Бронн начинал с малого, служа Тириону Ланнистеру, со временем обретая славу и богатство;x
hammer_of_the_hills_desc;Андальский военачальник, который правил из Железной Дубравы во времена Вторжения Андалов. Многие верят, что именно Молот Холмов основал благородный и могущественный дом Уэйнвуд;x
emperor_aurion_mbs_desc;Один из немногих драконьих владык, переживших Рок, Аурион провозгласил себя Императором Валирии и повел свою армию на юг, чтобы претендовать на остатки Фригольда;x
redbeard_strongseed_mbs_desc;Древний клан вольного народа, лесники, или Рыжебородые, часто бывают целованы огнем;x
westford_bloodline_desc;Древний род из Западных земель, Вестфорды носят кровь Первых людей, и некоторые считают их оборотнями;x
saerystos_bloodline_desc;После бегства, разбогатевшая принцесса Сейра Таргариен жила в Волантисе, где заимела сына-бастарда, который, по рассказам, был вылитый король Джейхейрис в юности;x
saerys_bloodline_desc;После бегства, разбогатевшая принцесса Сейра Таргариен жила в Волантисе, где заимела сына-бастарда от правящего триарха;x
saerynar_bloodline_desc;После бегства за море, принцесса Сейра Таргариен, в одежде послушницы, какое-то время служила в лисенийском саду удовольствий, где заимела сына-бастарда;x
toyne_bloodline_desc;Могущественный дом Штормовых земель, Тойны имеют репутацию грозных, вспыльчивых и упрямых воинов;x
errol_bloodline_desc;Могущественный дом Штормовых земель, Эрролы долгое время правили из Стогов Сена, охраняя северные границы и Королевский лес;x
estermont_bloodline_desc;Могущественный дом Штормовых земель, Эстермонты долгое время правили из Зеленой Скалы, на острове у Мыса Гнева, не спуская глаз с Узкого моря и моря Дорна, выглядывая любую угрозу;x
selmy_bloodline_desc;Дом Селми из Дома Урожая - древний штормовой дом лордов марок, который охраняет свои земли от дорнийцев и имеет репутацию умелых и смелых воинов;x
forrester_bloodline_desc;Древний воин из Первых людей, лорд Герхард Высокий основал дом Форрестеров, который будет править частью Волчьего леса и станет известен своим железностволом;x
belmore_bloodline_desc;Один из самых могущественных и древних домов Долины, Белморы ведут свой род от Первых людей. Они сражались в битве Семи Звезд, позже преклонив колена перед Арренами;x
coldwater_bloodline_desc;Один из самых могущественных и древних домов Долины, Колдуотеры ведут свой род от Первых людей. Они сражались в битве Семи Звезд, позже преклонив колена перед Арренами;x
egen_bloodline_desc;Древний и могущественный дом из Долины, Игены имеют прочную репутацию верных и благородных вассалов;x
sunderland_bloodline_desc;Древний и могущественный дом, который долгое время правил Тремя Сёстрами в заливе Пасть между Долиной и Севером;x
whitehill_bloodline_desc;Могущественный северный дом, Уайтхиллы исторически больше поклонялись Семерым, чем Старым Богам, и известны своими амбициями и двуличием;x
rupert_falwell_bloodline_desc;Набожный лорд Фолвелл во времена восстания Святого Воинства, лорд Руперт командовал армией, которая ответила на зов Верховного септона взяться за оружие против Железного трона;x
barristan_bold_bloodline_desc;Рыцарь из дома Селми, сир Барристан Смелый был мастерским воином и на турнирах, и на войне, и убил Мейлиса Блэкфайра. Многие считали его одним из лучших рыцарей своего времени;x
white_bull_bloodline_desc;Рыцарь из дома Хайтауэр, знаменитый своей грозной силой, верностью и твердостью характера. Многие считали его одним из лучших рыцарей своего времени;x
arthur_dayne_bloodline_desc;Истинный рыцарь из дома Дейн, знаменитый своим воинским мастерством и доблестью, достойный владеть Рассветом. Многие считали его одним из лучших рыцарей своего времени;x
oswell_whent_bloodline_desc;Рыцарь из дома Уэнт, сир Освелл был знаменит своим воинским мастерством и черным юмором. Многие считали его одним из лучших рыцарей своего времени;x
lewyn_martell_bloodline_desc;Рыцарь из дома Мартелл, принц Ливен из Дорна был великим рыцарем и искусным воином. Многие считали его одним из лучших рыцарей своего времени;x
jonothor_darry_bloodline_desc;Рыцарь из дома Дарри, сир Джон был искусным и самым серьезным рыцарем Королевской Гвардии. Многие считали его одним из лучших рыцарей своего времени;x
gyles_morrigen_bloodline_desc;Рыцарь из дома Морриген, выбранный первым лордом-командующим Королевской Гвардии. Многие мейстеры считали первую семёрку лучшими белыми плащами в истории;x
lorence_roxton_bloodline_desc;Рыцарь из дома Рокстон, сир Лоренс стал победителем в войне за Белые Плащи. Многие мейстеры считали первую семёрку лучшими белыми плащами в истории;x
victor_the_valiant_bloodline_desc;Опытный присяжный рыцарь, сир Виктор стал победителем в войне за Белые Плащи. Многие мейстеры считали первую семёрку лучшими белыми плащами в истории;x
willam_the_wasp_bloodline_desc;Опытный присяжный рыцарь, сир Виллам стал победителем в войне за Белые Плащи. Многие мейстеры считали первую семёрку лучшими белыми плащами в истории;x
pate_the_woodcock_bloodline_desc;Опытный межевой рыцарь, сир Пейт стал победителем в войне за Белые Плащи. Многие мейстеры считали первую семёрку лучшими белыми плащами в истории;x
samgood_of_sourhill_bloodline_desc;Седой межевой рыцарь, сир Сэм стал победителем в войне за Белые Плащи. Многие мейстеры считали первую семёрку лучшими белыми плащами в истории;x
ryam_redwyne_bloodline_desc;Рыцарь из дома Редвин, сир Райам мастерски владел копьем и мечом, впоследствии присоединившись к Королевской Гвардии. Многие считали его одним из лучших рыцарей своего времени;x
dragonknight_bloodline_desc;Рыцарь из дома Таргариен, принц Эймон был мастерским воином, знаменитым своей верностью и благородством. Многие считали его одним из лучших рыцарей в истории;x
morrigen_bloodline_desc;Могущественный дом из Штормовых земель, Морригены имеют репутацию отважных, грозных воинов, опытных в военном деле;x
duncan_tall_hk_desc;Бедный межевой рыцарь из Блошиного Конца, сир Дункан был умелым бойцом, наделенным большим ростом и огромной силой. Стал причиной и бился в Суде Семерых на Эшфордском турнире;x
duncan_tall_kg_desc;Несмотря на низкое происхождение, сир Дункан Высокий с достоинством служил принцу Эйгону Таргариену как наставник и присяжный рыцарь, и впоследствии был награжден местом в Королевской Гвардии;x
honourable_kingsguard_bloodline_desc;Рыцарь Королевской Гвардии, [This.GetTitledFirstNameWithNick] был мастерским воином, знаменитым своим умением и благородством, и многие считали его одним из лучших рыцарей своего времени;x
criston_cole_bloodline_desc;Рыцарь из дома Коль, сир Кристон был искусным воином, знаменитым своим мастерством оружия, одним из лучших рыцарей своего времени, но также виновником Танца Драконов;x
bloodline_margaery_desc;Прекрасная и проницательная дочь лорда Мейса Тирелла, леди Маргери была любима многими, признана одной из самых красивых женщин своего времени и настоящим другом простого народа;x
bloodline_olenna_redwyne_desc;"Дочь Арбора, вышедшая замуж за лорда Лютора Тирелла из Хайгардена. Она была хитрой женщиной с коварным умом и острым языком, за что получила прозвище ""Королева Шипов""";x
bloodline_brienne_tarth_desc;Считавшаяся простой некрасивой девицей, Бриенна из Тарта нашла свое истинное призвание в качестве рыцаря и благородного воина, став исключительно опытным бойцом и заработав рыцарское звание;x
bloodline_sansa_stark_desc;Прекрасная и любезная дочь лорда Эддарда Старка, леди Санса была любима многими, признана одной из самых красивых женщин своего времени, обладала всеми добродетелями истинной леди и была способна очаровать любого с кем встретилась;x
bloodline_arya_stark_desc;Дерзкая вторая дочь лорда Эддарда Старка, Арья пошла в свою тетю Лианну - тот же неукротимый дух, и тот же интерес к оружию и исследованию, став хитрым и искусным бойцом;x
bloodline_lyanna_stark_desc;Дерзкая дочь лорда Рикарда Старка, известная своим неукротимым духом и дикой красотой, смелая и своевольная Лианна обладала волчьей кровью, которую разделяли некоторые Старки;x
bloodline_aemma_arryn_desc;Дочь лорда Родрика Аррена и принцессы Дейллы Таргариен, Эймма Аррен вышла замуж за своего кузена, принца Визериса Таргариена;x
bloodline_myriah_martell_desc;Старший ребёнок принца Дорна, принцесса Мирия отказалась от своих прав на Солнечное Копьё и вышла замуж за принца Дейрона Таргариена, дабы залечить раны, оставленные Завоеванием Дорна и смертью короля Дейрона I;x
bloodline_elia_martell_desc;Красивая, но слабая здоровьем дочь принцессы Дорна, принцесса Элия вышла замуж за принца Рейгара Таргариена, старшего сына и наследника короля Эйриса II;x
bloodline_alicent_hightower_desc;Прекрасная дочь десницы короля сира Отто Хайтауэра и жена Визериса I, леди Алисента была любима многими, и признана одной из самых красивых женщин своего времени;x
bloodline_lysa_tully_desc;Вторая дочь лорда Хостера Талли, леди Лиза была выдана замуж за лорда Джона Аррена из Орлиного Гнезда, чтобы обеспечить союз между Долиной и Трезубцем;x
bloodline_catelyn_tully_desc;Первая дочь лорда Хостера Талли, леди Кейтилин была выдана замуж за лорда Эддарда Старка из Винтерфелла, чтобы обеспечить союз между Севером и Трезубцем;x
bloodline_cersei_lanniser_desc;Прекрасная и амбициозная дочь лорда Тайвина Ланнистера, леди Серсея была признана одной из самых красивых женщин своего времени, но также имела глубокое чувство превосходства над остальными и склонность к паранойе;x
bloodline_danaerys_dorne_desc;Дочь короля Эйгона IV, принцесса Дейнерис была признана одной из самых красивых женщин своего времени, и была любима Деймоном Блэкфайром, но вышла замуж за принца Марона из Дорна, присоединив Дорн к Семи Королевствам;x
bloodline_lyarra_stark_desc;Дочь лорда Торрхена из Винтерфелла, Короля, Преклонившего Колено, Лиарра вышла замуж за лорда Роннела из Долины, Короля, Который Летал, дабы залечить раны между давними врагами: Севером и Долиной;x
bloodline_sharra_arryn_desc;Урожденная Аррен, Шарра вышла замуж за своего кузена, короля Долины, став его королевой. Была проницательной женщиной, и признана одной из самых красивых женщин своего времени;x
bloodline_larra_rogare_desc;"Дочь Лисандро Великолепного из Лиса, Ларра была признана большой красавицей, и вышла замуж за принца Визериса Таргариена, пока он находился ""в гостях"" у ее отца";x
bloodline_asha_greyjoy_desc;Своевольная дочь Бейлона Грейджоя, Аша была взращена отцом сильным лидером. Она была капитаном Черного Ветра, грабила и плавала по морям как настоящий железнорожденный;x
bloodline_lannisport_lannister_desc;Не все Ланнистеры обитали в Утёсе Кастерли, с течением времени младшие сыновья и дальние родственники покинули Утес и обосновались на плодородной земле, на которой вырос город Ланниспорт;x
bloodline_racallio_ryndoon_desc;Ракаллио Риндун был коварным тирошийским генерал-капитаном, который объявил себя королем Узкого моря. Он запомнился своим грозным воинским мастерством и переменчивым настроением;x
tyrion_bloodline_desc;Сын лорда Тайвина Ланнистера, Тирион Бес был презираем из-за своего роста. Тем не менее, острый ум делал его умелым игроком в игре престолов;x
bloodline_daena_defiant_desc;Старшая дочь короля Эйгона III, знаменитая своей красотой и упрямой натурой, Дейна всегда была волевой, дикой и смелой, умелой наездницей и лучницей;x
bloodline_rhaena_targaryen_desc;Вторая дочь короля Эйгона III, знаменитая своей красотой и благочестием, Рейна, в отличие от своих сестёр, была послушной, смиренной и кроткой, известной своей преданностью Семерым;x
bloodline_elaena_targaryen_desc;Третья дочь короля Эйгона III, знаменитая своим очарованием и решительностью, Элейна особенно легко управлялась с деньгами, и в своем своеволии была похожа на сестру Дейну;x
bloodline_rhaena_of_pentos_desc;Одна из дочерей-близнецов Деймона Таргариена и Лейны Веларион, принцесса Рейна была красивой, смелой, грациозной в танце и могла очаровать любого с кем встретилась;x
bloodline_baela_targaryen_desc;Одна из дочерей-близнецов Деймона Таргариена и Лейны Веларион, принцесса Бейла была дикой и волевой женщиной, такой же бесстрашной, как ее отец, и любила соколиную охоту и ездить верхом;x
bloodline_queen_rhaena_desc;Прекрасная дочь короля Эйниса I, Рейна росла робкой девочкой, но стала смелой и решительной после приручения дракона Пламенная Мечта. Она была гордой, но доброй к тем, о ком заботилась;x
bloodline_staedmon_desc;Древний и могущественный дом из Штормовых земель, дом Стедмон известен своей жадностью и скупостью;x
bloodline_butterwell_desc;Богатый и могущественный дом из Речных земель, дом Баттервелл заработал состояние на молочных коровах, поэтому некоторые все еще принимают их за потомков грязных воров скота;x
bloodline_smallwood_desc;Древний и уважаемый дом из Речных земель, правящий из Желудей. Те, кто носит кровь Смоллвудов известны своей храбростью;x
bloodline_farring_desc;Уважаемый дом с залива Черноводной. Те, кто носит кровь Фаррингов известны своим знанием военного дела;x
bloodline_hayford_desc;Богатый и уважаемый дом с залива Черноводной. Те, кто носит кровь Хейфордов известны своей храбростью;x
bloodline_rosby_desc;Богатый и уважаемый дом с залива Черноводной. Те, кто носит кровь Росби известны своим слабым здоровьем;x
bloodline_rykker_desc;Уважаемый дом с залива Черноводной. Те, кто носит кровь Риккеров известны своим знанием военного дела;x
bloodline_stokeworth_desc;Уважаемый дом с залива Черноводной. Те, кто носит кровь Стоквортов амбициозны и предприимчивы;x
bloodline_sharis_footly_desc;Красивая и смелая леди Тамблтона, леди Шарис пережила смерть мужа, сожжение своего города, а сир Джон Рокстон объявил её своим "военным трофеем". После Танца она многое сделала чтобы восстановить Тамблтон;x
bloodline_jonquil_darke_desc;Дочь-бастард лорда Дарклина, Джонквиль Дарк была верной и храброй женщиной, исключительной воительницей, которая стала любимицей народа в войне за Белые Плащи и щитом королевы Алисанны Таргариен;x
bloodline_johanna_westerling_desc;Вдова лорда Джейсона Ланнистера, леди Джоханна, Вестерлинг из Крэга, правила как регент своего сына, отражая налеты железнорожденных на Утес Кастерли и защищая Западные земли;x
bloodline_roxton_desc;Древний и благородный дом из Простора, Рокстоны были андальскими искателями приключений, получившими земли и жен от Трех Королей-Мудрецов из дома Гарднер. Известны своей воинской доблестью;x
bloodline_jon_roxton_desc;Рыцарь из дома Рокстонов в Просторе, известный как Храбрый Джон, сир Джон Рокстон был грозным воином с темным нравом, и бился на стороне зеленых в Танце Драконов;x
bloodline_lady_sam_desc;Красивая и умная дочь Рогова Холма, леди Саманта была замужем за лордом Ормундом Хайтауэром. После его смерти она убедила своего влюбленного пасынка лорда Лионеля принять предложение мира и жениться на ней;x
bloodline_sabitha_frey_desc;Вдова лорда Форреста Фрея, леди Сабита правила как регент Близнецов, став влиятельным лидером во время Танца Драконов, известной своей храбростью и мужественностью;x
bloodline_alys_rivers_desc;Служанка-бастард из дома Стронгов, Алис Риверс, по слухам, могла видеть будущее и управляла темными силами. Она и принц Эймонд стали любовниками во время Танца Драконов;x
bloodline_rhaelle_targaryen_desc;Дочь короля Эйгона Невероятного, принцесса Рейль была выдана замуж за Ормунда Баратеона, чтобы залечить раны, оставленные восстанием Смеющегося Вихря и разорванной помолвкой принца Дункана;x
bloodline_val_desc;Прекрасная сестра Даллы, жены Манса Налетчика, Вель была храброй и способной женщиной, ведущим голосом среди вольного народа, сила которой шла не от семьи, а от ее хитрости и ума;x
bloodline_dalla_desc;Прекрасная жена Манса Налетчика, хитрая и проницательная женщина, Далла была верным и хорошим советником своему мужу;x
bloodline_rickon_stark_desc;Младший сын лорда Эддарда Старка, Рикон был известен своей храбростью и диким нравом. Рикон без сомнения обладал волчьей кровью, которую разделяли некоторые Старки;x
bloodline_jon_snow_stark_desc;Бастард лорда Эддарда Старка, Джон Сноу был прирождённым воином и лидером, и вызывал верность у окружавших его людей, несмотря на своё происхождение;x
bloodline_giantslayer_farring_desc;Рыцарь из Королевских земель и один из людей королевы, по-настоящему преданный Рглору, сир Годри Фарринг заработал свое прозвище, убив великана в битве под Стеной;x
bloodline_aemon_caraxes_desc;Третий ребенок Миротворца, и первый, кто дожил до зрелого возраста, принц Эймон был умелым воином, всадником Караксеса Кровавого Змея и опытным государственным деятелем, любимым простым народом;x
bloodline_khal_drogo_desc;Могущественный и грозный кхал дотракийцев, сын кхала Бхарбо, кхал Дрого был сильным воином и лидером, которым восхищались по всему Дотракийскому морю;x
bloodline_khal_bharbo_desc;Могущественный кхал дотракийцев, Бхарбо был кхалом, которым восхищались по всему Дотракийскому морю;x
bloodline_khal_dhako_desc;Могущественный кхал дотракийцев, кхал Дхако разорил и разрушил город Иббиш, получив прозвище Дракон Севера;x
bloodline_khal_haro_desc;Могущественный кхал дотракийцев, кхал Харо сражался с сарнорцами в эпоху Века Крови;x
bloodline_khal_horro_desc;Могущественный кхал дотракийцев, кхал Хорро убил великого кхала Моро, забрав себе его кхаласар;x
bloodline_khal_loso_desc;Могущественный кхал дотракийцев, кхал Лосо сражался с сарнорцами в эпоху Века Крови;x
bloodline_khal_mengo_desc;Могущественный и набожный кхал дотракийцев, кхал Менго, направляемый своей ведьмой-матерью Доши, стал первым кхалом, объединившим дотракийцев в один кхаласар;x
bloodline_khal_moro_desc;Могущественный кхал дотракийцев, кхал Моро был сыном кхала Менго, объединителя дотракийцев, и водил их на многие города Сарнора;x
bloodline_khal_onqo_desc;Могущественный кхал дотракийцев, кхал Онко повел свой могучий кхаласар в битву против иббенийцев и их колонии Иббиш;x
bloodline_khal_qano_desc;Могущественный кхал дотракийцев, кхал Кано сражался с сарнорцами в эпоху Века Крови;x
bloodline_khal_rogo_desc;Могущественный кхал дотракийцев, кхал Рого разорил город Иббиш в эпоху Века Крови;x
bloodline_khal_scoro_desc;Могущественный кхал дотракийцев, кхал Скоро разорил город Иббиш в эпоху Века Крови, а его богов увез в Ваэс Дотрак;x
bloodline_khal_temmo_desc;Могущественный кхал дотракийцев, кхал Теммо убил кхала Дхако, Дракона Севера, забрав себе его кхаласар;x
bloodline_khal_zeggo_desc;Могущественный кхал дотракийцев, кхал Зегго разорил сарнорский портовый город Сарис в эпоху Века Крови;x
bloodline_khal_zhako_desc;Могущественный кхал дотракийцев, кхал Жако сражался с сарнорцами в эпоху Века Крови;x
bloodline_mazor_alexi_desc;Могучий Верховный царь Сарнора, Мазор Алекси отправился на восток и дал бой четырем кхалам дотракийцев;x
bloodline_rhaego_desc;Сын могучего кхала Дрого и изгнанной вестеросской принцессы Дейнерис Таргариен, последний отпрыск Старой Валирии, Рейго, по предсказанию дош кхалин, должен был стать Жеребцом, который покроет весь мир;x
bloodline_house_ball_desc;Древний дом из Простора, Боллы происходят от Флорис Лисицы. Самый воинственный из трех домов Флорис, Боллы известны своей храбростью, мужеством и воинской доблестью;x
bloodline_fireball_desc;Прозванный Файрболлом за свои огненные волосы и горячий нрав, сир Квентин Болл был мастером над оружием Красного Замка, одним из лучших мечников своего времени и большим другом Деймону Блэкфайру;x
bloodline_house_peake_desc;Древний дом из Простора, Пики происходят от Флорис Лисицы. Пики известны своими безграничными амбициями и враждой с Мандерли, которых они изгнали из Простора;x
bloodline_house_florent_desc;Древний дом из Простора, Флоренты происходят от Флорис Лисицы. Флоренты известны своими амбициями и интригами;x
bloodline_sand_snake_desc;Красный Змей Дорна был известен множеством внебрачных дочерей, каждая из которых унаследовала его змеиные глаза, коварство и способность защитить себя. Эти дочери были известны как Песчаные Змейки;x
bloodline_hugh_hammer_desc;Огромный кузнец с Драконьего Камня, с руками, такими сильными что сгибали стальные прутья, Хью Молот ответил на призыв драконьих наездников от Джекейриса Велариона и успешно подчинил Вермитора, Бронзового Гнева, бывшего дракона Миротворца;x
bloodline_ulf_white_desc;Беловолосый латник с Драконьего Камня, известный пьяница, Ульф Белый ответил на призыв драконьих наездников от Джекейриса Велариона и успешно подчинил Среброкрылую, бывшую драконицу Доброй Королевы;x
bloodline_nettles_desc;Тощая девушка-бастард с Дрифтмарка, известная своей хитростью, Крапива ответила на призыв драконьих наездников от Джекейриса Велариона и успешно подчинила Овцекрада, которого ранее никто не приручал, принося ему каждый утро по овце;x
bloodline_kettleblack_desc;Дом скромного происхождения, Кеттлблэки начинали как межевые рыцари и наёмники, узнавамые по своим чёрным волосам, и привлекли внимание верной службой сира Освелла лорду Петиру Бейлишу;x
bloodline_hound_desc;Второй сын Рыцаря Башни Клыка, Сандор Клиган был опытным воином, отказавшимся от рыцарства, чтобы не походить на своего старшего брата Григора, Скачущую Гору, и служил дому Ланнистер, получив прозвище Пёс;x
bloodline_tarbeck_desc;Дом Тарбек - древний дом из Западных земель, с богатой историей о множестве героев и храбрых рыцарей, которыми дом очень гордится;x
bloodline_clegane_desc;Бывший псарь Утёса Кастерли, основатель дома Клиган был возвышен после того как спас лорда Титоса Ланнистера от львицы, при этом потеряв ногу и трёх собак;x
bloodline_payne_desc;Древний и могущественный дом из Западных земель, известный историей о золотых монетах на их гербе;x
bloodline_serrett_desc;Древний и могущественный дом из Западных земель, дом Серреттов был создан во время Вторжения Андалов через брачные союзы Первых людей и андалов;x
bloodline_ambrose_desc;Старый и могущественный дом из Простора, девиз дома Аброзов: "Без отдыха";x
bloodline_ashford_desc;Старый и могущественный дом из Простора, Эшфорды известны своей амбициозностью;x
bloodline_caswell_desc;Древний и могущественный дом из Горького Моста в Просторе, дом Касвеллов долгое время охранял мост через Мандер и носил титул Защитников Бродов;x
bloodline_footly_desc;Древний и могущественный дом из Тамблтона в Просторе, девиз дома Футли: "Ступай осторожно";x
bloodline_fossoway_green_desc;Во время Суда Семерых на Эшфордском турнире, Раймун Фоссовей выступил против своего кузена сира Стеффона Фоссовея, возмущенный его двуличием. После посвящения в рыцари сиром Лионелем Баратеоном, Смеющимся Вихрем, новоиспеченный сир Раймун принял герб с зеленым яблоком, чтобы не походить на сира Стеффона, дав название своему дому - Фоссовеи зеленого яблока;x
bloodline_blackbar_desc;Дом Блэкбар - древний и уважаемый дом из Бандаллона в Просторе;x
bloodline_meadows_desc;Дом Медоуз - древний и уважаемый дом из Луговины в Просторе;x
bloodline_webber_desc;Дом Веббер - древний и уважаемый дом из Холодного Рва в Просторе;x
bloodline_chester_desc;Дом Честер с Зеленого Щита - древний дом с Щитовых островов, который долгое время защищал устье Мандера от налетчиков железнорожденных;x
bloodline_serry_desc;Дом Серри с Южного Щита - древний дом с Щитовых островов, который долгое время защищал устье Мандера от налетчиков железнорожденных;x
bloodline_grimm_desc;Дом Гримм с Серого Щита - древний дом с Щитовых островов, который долгое время защищал устье Мандера от налетчиков железнорожденных;x
bloodline_leygood_desc;Дом Лейгуд - древний и уважаемый дом из Простора, происходящий от андальских искателей приключений, получивших земли и жён от Трёх Королей-Мудрецов из дома Гарднер;x
bloodline_merryweather_desc;Старый и могущественный дом из Длинного Стола в Просторе, дом Мерривезер известен своими опытными управленцами;x
bloodline_costayne_desc;Уважаемый дом из Трех Башен на утесах Шепотного залива, Костейны известны своими храбрыми мореплавателями;x
bloodline_vaith_desc;Древний и уважаемый дом из Вейта в песках Дорна, дом Вейтов был основан андальскимими искателями приключений, которые поселились на холме к востоку от беспокойных дюн;x
bloodline_toland_desc;Древний и уважаемый дом из Призрачного Холма в песках Дорна, Толанды известны своей хитростью;x
bloodline_jordayne_desc;Древний и уважаемый дом из Тора в песках Дорна, дом Джордейнов был основан андальскимими искателями приключений и когда-то носил титул королей;x
bloodline_gargalen_desc;Дом Гаргален - древний и уважаемый дом из Соленого Берега на побережье Летнего моря;x
bloodline_ladybright_desc;Дом Ледибрайт - уважаемый дом из Дорна, члены которого известны навыком управления деньгами;x
bloodline_dalt_desc;Дом Дальт - уважаемый дом из Лимонной Рощи в Дорне;x
bloodline_santagar_desc;Дом Сантагар - древний и уважаемый дом из Пятнистого Леса в Дорне, основанный андальскими искателями приключений, которые владели собственным королевством во времена Вторжения Андалов;x
bloodline_allyrion_desc;Древний и могущественный дом из Дара Богов в песках Дорна, дом Аллирион был основан андальскими искателями приключений, пришедшими в Дорн во времена Вторжения Андалов;x
bloodline_risley_desc;Дом Рисли - уважаемый дом из Поляны Рисли в Просторе;x
bloodline_rhysling_desc;Дом Рислинг - уважаемый дом из Простора, члены которого известны своим знанием военного дела, храбростью и благородством;x
bloodline_fossoway_brown_desc;Устрашающий воин, сир Франклин Флауэрс был сыном прачки, изнасилованной Фоссовеем красного яблока, в связи с этим он ненавидел дом своего отца и выбрал червивое яблоко своим гербом;x
bloodline_mandrake_desc;Дом Мандрейк - древний и могущественный дом, оставивший след в истории Семи Королевств;x
bloodline_strickland_desc;Дом Стрикленд - древний и могущественный дом, члены которого известны своей амбициозной натурой и навыком управления деньгами;x
bloodline_casterly_desc;Корлос, сын Кастера и основатель дома Кастерли, был могучим охотником, жившим в деревне недалеко от будущего Ланниспорта. Когда горный лев начал охотиться на деревенских овец, Корлос выследил его до пещеры в Утесе. Вооруженный только копьем, он убил льва и его львицу, но пощадил ее новорожденных детенышей - за проявленное милосердие Старые Боги наградили его, послав внезапный луч солнца глубоко в пещеру, указавший на блеск желтого золота, жилы которого были толщиной с человеческий торс;x
blackfyre_bl_desc;Первый из Великих Бастардов Эйгона IV, Деймон Уотерс, Таргариен с обеих сторон, получил валирийский меч Черное Пламя и взял себе его имя, основав новый дом;x
bloodline_maelys_desc;Человек огромного роста и силы, Мейлис Блэкфайр был рожден со второй головой своего близнеца, размером с маленький кулачок, растущей прямо из шеи, и многие люди говорили, что он был родоубийцей с рождения. Мейлис вырос жестоким и безжалостным человеком, которого боялись и ненавидели;x
bloodline_blackfish_desc;Младший сын лорда Талли, сир Бринден Талли, известный как Черная Рыба, был исключительно умелым воином, который проявил себя в войне Девятигрошовых королей отличным и достойный рыцарем, получив известность и славу во всех Семи Королевствах;x
bloodline_illyrio_desc;Иллирио Мопатис вырос из нищего головореза, жившего на улицах Пентоса, до самого богатого человека в городе. Иллирио был опытным торговцем, но также коварным интриганом и негласным правителем Пентоса;x
bloodline_wylla_wyl_desc;Могучая дева-воительница, союзница Йорена Айронвуда, Вилла из Виля возглавляла множество нападений на Штормовые земли и сражалась с королем Дюрраном Молодым в битве у Кровавого Пруда;x
bloodline_viserys_iii_desc;Ещё ребёнком Визерис Таргариен был изгнан в Эссос Узурпатором и его псами, и скитался по Вольным Городам, где недоброжелатели насмехались над ним и называли "Королём-Попрошайкой". Но затем дракон пробудился, узурпатор был свергнут и Визерис из дома Таргариен, Третий его имени, сел на Железный трон, вернув дому Таргариенов его величие;x
bloodline_artos_stark_desc;Прозванный Несокрушимым, Артос Старк был самым грозным воином своего времени. В битве при Длинном Озере Король-за-Стеной Реймунд Рыжебородый убил и обезглавил брата Артоса, лорда Виллама из Винтерфелла. Артос отомстил за брата и убил Реймунда, покончив с угрозой одичалых;x
bloodline_roger_reyne_desc;Лорд Кастамере Роджер Рейн был опытным рыцарем и военным командиром. Многие считали его самым смертоносным мечником Западных Земель;x
bloodline_robb_reyne_desc;Один из "Круга Героев" Деймона Блэкфайра, Робб Рейн был могучим воином и благородным рыцарем, одним из лучших в свое время;x
bloodline_alyssa_velaryon_desc;Прекрасная дочь Эйтана Велариона, Лорда Приливов и Мастера над Кораблями, леди Алисса Веларион была замужем за Эйнисом Таргариеном, старшим сыном и наследником Завоевателя. Леди Алисса была известна своим обаянием, остроумием и жизнерадостностью.;x
bloodline_strong_boys_desc;Якобы дети сира Лейнора Велариона, трое первых детей принцессы Рейниры Таргариен были известны своими карими глазами, каштановыми волосами и вздернутыми носами — далеко от сиреневых глаз, серебристо-белых волос и прекрасных черт лица сира Лейнора. Некоторые даже заметили, что такие "сильные мальчики" имели сверхъестественное сходство с сиром Харвином Стронгом, наследником Харренхолла и присяжным защитником принцессы Рейниры, хотя немногие были достаточно храбры, чтобы сказать это перед ними или их матерью.;x
bloodline_thoros_desc;Красный жрец родом из Мира, Торос обнаружил, что его вера возродилась в битве у Шутовского Брода, когда он непреднамеренно воскресил к жизни мертвого лорда Берика Дондарриона. Получив благословение от Р'глора, Торос стал известен своими магическими подвигами и преданностью делу защиты простого народа Речных земель.;x
bloodline_melisandre_desc;Волшебница, заклинательница теней и красная жрица из Асшая, Мелисандра была беззаветно предана Владыке Света и полна решимости найти и направить возрожденного Азор Ахая, веря что Станнис Баратеон был этим героем пророчества.;x
bloodline_beric_desc;Лихой и очаровательный лорд из Дорнийских Марок, Лорд Берик Дондаррион был убит в Битве у Шутовского Брода, но воскрес благодаря благословениям Р'глора и действиям Тороса из Мира. Благословленный пламенем своего нового бога, текущим в его венах, лорд Берик сражался за простых людей Речных земель, но каждый раз когда он умирал, он возвращался все меньше человеком.;x
bloodline_belicho_desc;Триарх Беличо был известным волантинским патриотом, чьи знаменитые подвиги описаны в серии «Жизнь триарха Беличо». Его непрерывная череда завоеваний и триумфов оборвалась довольно резко, когда его съели великаны.;x
bloodline_vhalaso_the_munificent_desc;Могущественный триарх Волантиса, триарх Вхаласо командовал строительством Длинного моста через Ройну, соединяющего Старый Волантис с западным берегом. Великий инженерный подвиг, Длинный Мост является самым длинным мостом в мире и может выдержать вес тысячи слонов, но Вхаласо не дожил до его завершения.;x
bloodline_widow_of_the_waterfront_desc;Когда-то просто рабыня для удовольствий, Вдова ранее была женой слона Триарха Вогарро, который влюбился, освободил ее и женился на ней. После смерти Вогарро она продала его поместье и взяла на себя судоходный бизнес своего мужа, теперь управляя им из своей резиденции в Торговом доме, поскольку ни один свободный человек не может жить за Черными стенами Старого Волантиса.;x
fisher_desc;Дом Фишеров был благородным домом из речных земель, который правил как Короли Рек и Холмов до Завоевания Эйгона.;x
bloodline_teague_desc;Торренс Тиг был авантюристом неизвестного происхождения, который совершал набеги на Западные земли в поисках золота. Тиг использовал это богатство, чтобы привести большое количество наемников из-за Узкого моря, и после шести лет войны Торренс был коронован королем Трезубца в Девичьем Пруду.;x
bloodline_justman_desc;Бастард из домов Блэквуд и Бракен, Бенедикт Риверс в детстве был всеми презираем. Однако он стал великим рыцарем, и его доблесть принесла ему поддержку семей его родителей, а затем и других речных лордов. Бенедикт смог победить всех мелких королей в речных землях за более чем тридцать лет, после чего он был коронован Королем Рек и Холмов.;x
bloodline_fisher_desc;Древняя династия Первых Людей, короли Дома Фишеров, правили Королевством Рек и Холмов из своей столицы на Туманном острове.;x
bloodline_alester_sarwyck_desc;Старший сын и наследник лорда Рейнальда Сарвика, сир Алестер Сарвик покинул свой дом, веру и земли после восстания Роберта и отправился в Эссос. На востоке он обратился к Красному Богу Р'глору, став красным жрецом, способным владеть силами пламени.;x
bloodline_aegon_uncrowned_desc;После смерти его отца, короля Эйниса I, нечестивый дядя принца Эйгона, Мейгор Жестокий, узурпировал Железный Трон и приручил могущественного дракона Балериона. Приручив дракона своего отца Ртуть, Эйгон «Некоронованный» успешно победил своего дядю и взошел на Железный Трон как законный король Эйгон II.;x
bloodline_euron_desc;Эурон Грейджой по прозвищу "Вороний Глаз" был жестоким разбойником, который ни на день не отказывался от Старого Пути. Его корабль "Молчание" с чёрными парусами и тёмно-красным корпусом прославился во всех портах от Иббена до Асшая своими ужасными и тёмными делами.;x
bloodline_euron_king_desc;Говорят, что жестокий, мистический и полусумасшедший Железный Король Эурон Грейджой, избранный править Железными Островами Королевским Вече, был самым благочестивым человеком, когда-либо поднимавшим паруса: большинство людей служат одному богу, но он служил десяти тысячам, от Ибба до Асшая, когда люди видели его паруса, они молились.;x
mbs_manylegitchildren_man_desc;Зачать пятнадцать детей — впечатляющее достижение для любого мужчины и [This.GetTitledFirstNameWithNickAndDynasty] сумел совершить этот впечатляющий подвиг, не отходя от своего супружеского ложа, и стал отцом более дюжины законнорождённых детей.;x
mbs_manylegitchildren_woman_desc;Зачать пятнадцать детей — впечатляющее достижение для любой женщины и [This.GetTitledFirstNameWithNickAndDynasty] сумела совершить этот впечатляющий подвиг, не отходя от своего супружеского ложа, и стала матерью более дюжины законнорождённых детей.;x
mbs_manybastardchildren_man_desc;Завести пятнадцать детей — впечатляющее достижение для любого мужчины и  [This.GetTitledFirstNameWithNickAndDynasty] сумел добиться этого отчасти благодаря рождению детей вне брака, но, тем не менее, это был впечатляющий подвиг - стать отцом более дюжины детей.;x
mbs_manybastardchildren_woman_desc;Завести пятнадцать детей — впечатляющее достижение для любой женщины и  [This.GetTitledFirstNameWithNickAndDynasty] сумела добиться этого отчасти благодаря рождению детей вне брака, но тем не менее, это был впечатляющий подвиг - стать матерью более дюжины детей.;x
walder_frey_prw_desc;Хотя он и не считается самым благородным из людей, лорд Уолдер Фрей из Переправы был известен тем, что имел огромное количество детей, как законорождённых, так и незаконорождённых. Некоторые даже шутили, что лорд Уолдер — единственный лорд в Семи королевствах, который может выставить армию прямо из своих штанов.;x
ygon_oldfather_desc;Игон Старый Отец был могущественным вождем Одичалых, известным в первую очередь тем, что он зачал много детей и у него было много жен, в основном захваченных во время набегов.;x
mbs_bl_ironthrone_desc;[This.GetTitledFirstNameWithNickAndDynasty] успешно взошел на Железный Трон, став первым представителем своей линии, правившим Семью Королевствами.;x
bloodline_ellyn_reyne_desc;Гордая и честолюбивая дочь лорда Роберта Рейна, леди Эллин не желала ничего, кроме как стать леди Утеса Кастерли.;x
bloodline_ashara_dayne_desc;Прекрасная дочь лорда Звездопада, Эшара Дейн была доброй и светлой, с навязчивыми фиолетовыми глазами, которые очаровывали многих из тех кто её знал.;x
pirate_trader_desc;Могущественный Лорд Пиратов, [This.GetFirstName] стремился получить богатство и влияние как за счет торговли, так и за счет грабежа.;x
pirate_reaver_desc;Могущественный Лорд Пиратов, [This.GetFirstName], которого по всюду боялись за [This.GetHerHis] яростные и жестокие набеги.;x
pirate_westerosi_desc;Могущественный Лорд Пиратов, [This.GetFirstName] стремился защитить свои земли налаживая отношения с Семью Королевствами Вестероса.;x
pirate_freecities_desc;Могущественный Лорд Пиратов, [This.GetFirstName] стремился защитить свои земли налаживая отношения с свободными городами.;x
pirate_slaver_desc;Могущественный Лорд Пиратов, [This.GetFirstName] был известен за стремление обогатиться за счёт работорговли.;x
pirate_liberator_desc;Могущественный Лорд Пиратов, [This.GetFirstName] стремился освободить всех рабов и наказать всех работорговцев, прошедших через [This.GetHerHis] руки.;x
bloody_ben_blackwood_desc;Став лордом Воронодрева в юном возрасте, лорд Бенджикот Блэквуд вскоре показал себя опытным командиром, доказав что он способный лидер "Парней" и продемонстрировал свирепость в бою.;x
brute_bracken_desc;Сир Ото Бракен был известным турнирным рыцарем. Известный своей свирепостью, он с большим успехом использовал свой внушительный рост, чтобы стать великим чемпионом.;x
bloodline_joff_lydden_desc;Потомок андальских авантюристов, сир Джоффри Лидден был избран Королём Скалы, когда вымерла прямая мужская линия Дома Ланнистеров. Через свою жену, дочь предыдущего лорда Утёса Кастерли, сир Джоффри принял имя и герб Ланнистеров.;x
bloodline_rego_draz_desc;Лорд Рего Драз начал жизнь ни с чем, но стал самым богатым человеком во всем Пентосе. Нелюбимый магистрами города за свое низкое происхождение, Рего решил принять предложение стать Мастером над монетами короля Джейхейриса, став известным как Повелитель Воздуха.;x
bloodline_nevio_narratys_desc;Невио был избран принцем Пентоса во время войны между Пентосом и Браавосом из-за рабства. Он был пятым принцем, избранным за один год, все предыдущие четыре были принесены в жертву богам магистрами после поражения Пентошийцев. Невио убедил магистров просить мира после редкой победы, которую, как некоторые утверждали, он получил путем подкупа. В результате был достигнут мир, и Невио выжил.;x
bloodline_tattered_prince_desc;Пентошийский дворянин из древнего и уважаемого дома, в возрасте двадцати трех лет Принц-Оборванец был избран Магистрами Вольного Города Пентос своим новым Принцем, всего через несколько часов после того как они обезглавили предыдущего. Вместо того, чтобы жить как марионетка, постоянно подвергаясь угрозе жертвоприношения, Принц-Оборванец бежал в Спорные Земли, где основал "Унесённых Ветром", устрашающую компанию наемников.;x
bloodline_tyanna_of_tower_desc;Ходили слухи, что Тианна была родной дочерью магистра Пентоса, который начинала как танцовщица в таверне и выросла до куртизанки. Она была любовницей и королевой Мейгора Жестокого, и ходили слухи,  что она увлекалась колдовством и алхимией.;x
bloodline_janos_slynt_desc;Сын мясника из Королевской Гавани, Янос Слинт сначала стал капитаном Железных ворот, а затем командиром Золотых плащей. В обмен на предательство лорда Эддарда Старка и избавление от бастардов короля Роберта Янос стал лордом Харренхолла и взял окровавленное копье как свой герб в честь своего тёмного дела.;x
bloodline_philip_foote_desc;Одноглазый рыцарь из Дома Фут, сир Филип добился большого признания и был удостоен титула Лорда Ночной Песни за то, что убил лорда Брайса Карона в дуэли во время битвы на Черноводной.;x
bloodline_appleater_brune_desc;Межевой рыцарь с хорошими навыками, но малозначительный, от которого отказывались даже его собственные родственники, сир Лотор Брюн снискал себе большую славу во время битвы на Черноводной, убив двух Фоссовеев и захватив третьего, став известным как Лотор Пожиратель Яблок.;x
bloodline_nutt_desc;Смелая и дерзкая речная владычица, леди Джейн Натт претендовала на титул Королевы Трезубца в восстании против Дома Дюррандон. Правление королевы Джейн было кратким, бесславным и закончилось ее казнью.;x
bloodline_harte_desc;Храбрый человек, лорд Харт был арестован в начале Танца драконов Эйгоном II Таргариеном. Получив выбор между присягой на верность Эйгону II или смертью от рук королевского правосудия, лорд Харт решил сдержать данное слово и был за это обезглавлен.;x
bloodline_cassel_desc;Дом Касселей долгое время служил Дому Старков в качестве верных вассалов, и многие Кассели отдали свои жизни в битвах за Винтерфелл и его лордов.;x
bloodline_theon_balon_desc;Третий сын Бейлона Грейджоя, Теон большую часть своего детства воспитывался в Винтерфелле. Несмотря на свою предполагаемую близость к Старкам, Теон решил последовать приказу своего отца и начать войну с Севером в рамках второй войны Бейлона за корону. Во время этой войны Теон использовал свои знания о Севере, чтобы разыграть множество схем и предать многих тех кого он когда-то называл друзьями, заработав прозвище «Отступник», однако его безжалостность снискала уважение Железнорожденных, и он, в свою очередь, сел на Морской Трон.;x
bloodline_theon_robb_desc;Третий сын Бейлона Грейджоя, Теон большую часть своего детства воспитывался в Винтерфелле. Когда его отец стремился вторгнуться на Север во второй войне за корону, Теон предпочел семью, которая его воспитала, а не семью, которая его породила, присоединившись к королю Роббу против своего отца. Этот акт предательства заставил многих последователей Утонувшего Бога проклясть его имя.;x
bloodline_theon_robb_king_desc;Третий сын Бейлона Грейджоя, Теон большую часть своего детства воспитывался в Винтерфелле. Когда его отец стремился вторгнуться на Север во второй войне за корону, Теон предпочел семью, которая его воспитала, а не семью, которая его породила, присоединившись к королю Роббу против своего отца. Этот акт предательства заставил многих последователей Утонувшего Бога проклясть его имя, но его хитрость и слава, которую он завоевал сражаясь за Винтерфелл, в конечном итоге позволили ему занять Морской Трон.;x
bloodline_dragon_big_desc;[This.GetFirstNameWithNick] был могучим драконом, известный своими огромными размерами и силой, настоящий дракон-гигант, чьи крылья затмили солнце и чье имя вселяет ужас во всех, кто его слышит.;x
bloodline_dragon_old_desc;[This.GetFirstNameWithNick] был известен своей исключительным долголетием, даже среди драконов, живущим [This.GetAgeYears] лет.;x
bloodline_dragon_fair_desc;[This.GetFirstNameWithNick] был великолепным драконом, известным своей грацией и красотой, считавшимся одним из самых потрясающих драконов когда-либо летавших по небу, его чешуя сияла, как кованый металл.;x
bloodline_dragon_fertile_desc;[This.GetFirstNameWithNick] был потрясающим драконом, известным своей плодовитостью. Множество яиц из оствленных им кладок вылупились, и его потомство заслонило собой небо.;x
bloodline_dragon_untamed_desc;[This.GetFirstNameWithNick] имел репутацию дракона которого почти невозможно приручить, он провел десятилетия без наездника, живя в дикой природе.;x
bloodline_dragon_cunning_desc;[This.GetFirstNameWithNick] был известен как коварный и хитрый дракон, способный использовать свою скорость и грацию, чтобы перехитрить и превзойти многих врагов.;x
bloodline_dragon_balerion_desc;[This.GetFirstNameWithNick] был величайшим из драконов Таргариенов. Зубы Балериона были длинными как мечи, а пасть достаточно широкой, чтобы проглотить целого тура, а может, и мамонта. Балерион изрыгал пламя чёрное, как его чешуя, и говорили, что крылья его были так огромны, что тень их накрывала целые города, когда он пролетал над ними.;x
cleon_the_butcher_bl_mbs_desc;Клеон был порабощенным мясником и поваром. Говорили, что Клеон мог разделать свинью быстрее, чем любой другой мужчина в Астапоре. После того, как Астапор пал перед Дейнерис Бурерожденной, Клеон стал королем Астапора, назвав себя Клеоном Великим.;x
davos_dragonslayer_desc;Сир Давос Убийца Драконов был легендарным героем эпохи Героев, которому приписывают множество великих деяний, не последним из которых было убийство могучего дракона.;x
aemond_one_eye_bl_desc;Сын короля Визериса I, принц Эймонд, потерял правый глаз в драке со своим племянником Люцерисом после укрощения могучего дракона Вхагар. Хотя Эйемонд утверждал, что он считал глаз за дракона справедливым обменом, он превратился в ожесточенного и жестокого человека, хотя и не менее хитрого и искусного в обращении с клинком.;x
rhaenyra_black_win_bl_desc;Дочь короля Визериса I и королевы Эйммы Аррен, право Рейниры на власть оспаривалось ее младшим сводным братом Эйгоном, несмотря на то, что она была назначенной наследницей их отца. Так начался Танец Драконов, жестокая война за власть между Зелеными и Черными. Рейнира выиграла Танец и низвергла всех, кто оспаривал ее превосходство.;x
aegon_green_win_bl_desc;Шестой король Таргариенов, восседавший на Железном троне, право Эйгона II на власть оспаривалось его старшей сводной сестрой, принцессой Рейнирой Таргариен, которая была назначенной наследницей их отца. Так начался Танец Драконов, жестокая война за власть между Зелеными и Черными. Эйгон выиграл Танец и низверг всех, кто оспаривал его превосходство.;x
bloodline_golden_company_desc;[This.GetTitledFirstName] был хитрым и мудрым Генерал-Капитаном Золотых Мечей, способным наконец выполнить свою задачу и посадить собственного дракона на Железный трон. Этим актом Золотые Мечи наконец добились справедливости, которой так долго жаждали и были распущены.;x
bloodline_locke_desc;Когда-то правившие как мелкие короли Первых Людей, Локки из Старого Замка являются одними из самых могущественных домов Севера.;x
bloodline_slate_desc;Когда-то правившие как мелкие короли Первых Людей, Слейты из Черной Заводи являются одними из самых могущественных домов Севера.;x
clubfoot_bloodline_desc;Ларис Стронг, младший сын лорда Лайонела Стронга, родился с искривленной ступней, за что получил прозвище «Косолапый». Загадочный и хитрый человек, он служил Мастером над Шептунами и Лордом-Дознавателем Таргариенов.;x
rogueprince_bloodline_desc;Брат короля Визериса I, принц Деймон был свирепым воином, владевшим мечом из валирийской стали Темной Сестрой и оседлавшим дракона Караксеса. Он помог лорду Корлису Велариону ослабить власть Триархии над Ступенями, ненадолго короновав себя Королем Узкого Моря.;x
florian_bloodline_desc;Легендарный герой из речных земель, Флориан был великим дураком и великим рыцарем, носившим пестрый железный доспех и не имевшим благородного происхождения. Он известен тем, что влюбился в девушку по имени Джонквиль, которую он впервые увидел в Девичем Пруду, и владением знаменитым мечом.;x
weeper_bloodline_desc;Печально известный налетчик одичалых, прозванный Плакальщиком из-за слезящихся глаз. Он известен тем, что убивал рейнджеров Ночного Дозора и совершал набеги на северные горные кланы, часто жестоко ослепляя своих жертв.;x
vulture_king_mbs_bl_desc;[This.GetTitledFirstName] успешно выиграл восстание "охоты на стервятника" против андалов на севере, принеся славу и добычу Красным горам.;x
black_harren_bl_desc;Тщеславный кровавый тиран, которого ненавидели те, кем он правил, Чёрный Харрен Хоар был жестоким и злобным тираном, правившим Железными островами и Речными землями. Желая получить величественное место для правления, Харрен приказал построить великий замок Харренхолл, проект, на завершение которого ушло почти сорок лет. Речные земли и Железные острова были осушены, чтобы финансировать строительство, тысячи пленников умирали в каменоломнях, будучи прикованным цепями к повозкам или трудясь на возвышающихся стенах и пяти огромных башнях.;x
sage_kings_bl_desc;Король Гарт IX, его сын король Мерл I, и сын Мерла король Гвейн V вместе известны как Три короля-мудреца. Трио мудрых и хитрых королей Предела, они стремились связать вторгшихся андалов с Хайгарденом браками и покровительством, изучая у них тактику войны и работу с металлом, а не стремясь нанести ответный удар силой оружия. По словам короля Гвейна V: «Они дали нам семь богов, мы дали им землю и дочерей, а наши сыновья и внуки будут как братья».;x
lannister_bastards_bl_desc;Считавшиеся при рождении истинными детьми Роберта Баратеона, выяснилось, что на самом деле светловолосые дети королевы Серсеи Ланнистер являются мерзкими продуктами её кровосмесительных связей с её собственным братом-близнецом, сиром Джейме Цареубийцей. После того, как эти обвинения были доказаны, все эти дети стали незаконнорождёнными и несут на себе неизгладимое пятно развращённости своих родителей и ненависть мира к их зачатию.;x
crackbones_bl_desc;Легендарный герой, Костолом был могучим героем и чемпионом Расколотой Клешни, который на время принёс мир на полуостров и убил дракона, обманом заставив его скрутиться в узлы.;x
royce_bl_desc;Старый и могущественный знатный дом Долины, дом Ройсов некогда правил как Бронзовые Короли из Рунного Камня, сильнейшие из Первых Людей в Долине до прихода Андалов. Воинственный дом, Ройсы известны своей гордостью и силой и часто носят в бой древние доспехи из бронзовых пластин, испещрённые рунами, которые, как считается, делают их носителей неуязвимыми для ран.;x
roland_i_arryn_desc;Внук короля Артиса I, Роланд I много путешествовал, получив свои шпоры, и побывал в Хайтауэре, Утёсе Кастерли и великих крепостях Трезубца. Вернувшись в Долину, чтобы надеть Соколиную Корону, Роланд счёл, что Лунные Врата не могут сравниться с увиденными им великими замками. Вспомнив победу своего деда в Битве у Семи Звёзд и внемля совету своей жены Теоны Хантер, Роланд решил занять наивысшую точку и повелел построить замок, который станет Орлиным Гнездом.;x
osric_v_arryn_desc;Король Озрик V Аррен повелел перестроить Кровавые Врата, бывшие до того лишь грубой стеной, сложенной насухо из неотёсанных камней, в ту грозную твердыню, о которую разбились в щепы десятки армий, обеспечив тем самым процветание и безопасность Долины.;x
matthos_ii_arryn_desc;Когда северяне обрушились на Три Сестры с огнём и мечом, положив начало Заморской Войне, уцелевшие лорды сестринцев приползли в Орлиное Гнездо, умоляя о помощи у Короля Гор и Долины. Король Матос II предложил свою помощь при условии, что сестринцы принесут клятву верности Орлиному Гнезду в ответ. На вопросы о своём решении король Маттос ответил, что предпочёл бы видеть по соседству пирата, а не волка.;x
bloodline_lefford_desc;Древняя семья, дом Леффордов был основан союзом андальского военачальника и знатной женщины из Первых Людей во время прихода Андалов и долгое время контролировал главный вход в Западные земли с востока.;x
argella_durrandon_bloodline_desc;Аргелла Дюррандон была единственной дочерью Аргилака Надменного. После его смерти от руки Ориса Баратеона она ненадолго провозгласила себя Штормовой Королевой и безуспешно попыталась дать последний бой. Впоследствии Орис женился на ней, и, чтобы почтить доблесть Аргилака, принял герб и девиз дома Дюррандонов.;x
rogar_baratheon_bloodline_desc;Первенец Давоса Баратеона, Рогар Баратеон был воином, которого восхищались за его храбрость и отвагу, уважали за его силу и боялись за его военное мастерство и искусство владения оружием. Он восстал против короля Мейгора Жестокого в поддержку принца Джейхейриса, который в ответ назначил его Десницей Короля, а впоследствии он служил его регентом, хотя и не без противоречий.;x
symeon_stareyes_bloodline_desc;Легендарная личность из Эпохи Героев, Симеон был рыцарем, который лишился обоих глаз. Он заменил их, вставив сапфиры в пустые глазницы. Он сражался длинным посохом с лезвиями на обоих концах и вращал его в руках, чтобы рубить двух человек одновременно.;x
bloodline_hewett_desc;Дом Хьюэттов из Дубового Щита — древний дом с Щитовых островов, который долгое время охранял устье Мандера от рейдеров и железнорождённых.;x
bloodline_argoth_desc;Прозванный Серым Великаном, Аргот Камнешкурый был победителем первого в истории турнира в Вестеросе, победив пятьдесят лордов за право жениться на Деве Марис. Однако Аргота обманули, и Марис вышла замуж за короля Утора из Высокой Башни прежде, чем Аргот смог потребовать её. Аргот провёл остаток своих дней, буйствуя у стен Староместа, требуя свою невесту.;x
bloodline_morrigan_desc;Могучая и грозная лесная ведьма, Зелёная Королева бросила вызов правлению короля Дюрвальда I Дюррандона и удерживала Дождевой Лес в против воли Штормового Предела на протяжении большей части поколения.;x
bloodline_green_king_desc;Легендарный герой с речных земель, Зелёный Король, как говорили, правил над мистическим озером, известным как Божье Око.;x
bloodline_drox_desc;Дрокс Труподел был могущественным андальским военачальником, который сражался против Первых Людей во время прихода Андалов в Штормовые земли. В конечном счёте он был побеждён на берегах Слейна неподалёку от Каменного Шлема невероятным союзом Короля Штормов Клеодена I Дюррандона и трёх дорнийских королей.;x
bloodline_andahar_desc;Старый речной король древности, правивший в устье Трезубца, король Андагар воспет в песнях за своего двуглавого водного коня, изображение которого до сих пор красуется на знамёнах дома Рутов и на паромах, пересекающих реку.;x
dragon_rider_tracker_desc;[Root.Founder.GetTitledFirstName] [Root.Founder.GetOnlyDynastyName] был наездником на драконе, который был связан с этим драконом.;x
bloodline_moore_desc;Дом Мур — древний дом, ведущий своё происхождение от Первых Людей. Дом имеет репутацию мастеров боевых искусств и военной доблести.;x
emperor_aurion_valyria_desc;Один из последних драконьих лордов, переживших Рок Валирии, император Аурион повёл тридцатитысячное войско к раздробленным останкам Валирии. Вопреки всем ожиданиям он вернулся из руин Фригольда. Хотя большая часть его войска была потеряна из-за Рока, что до сих пор царит в Валирии, он вернулся с великим богатством и множеством мистических реликвий драконьих лордов.;x
bloodline_arson_iceaxe_desc;Легендарный герой вольного народа, Арсон Ледовый Топор попытался пересечь Стену, прорыв туннель у её основания. Когда его обнаружил патруль Ночного Дозора, они просто запечатали вход за ним. Говорят, что до сих пор можно услышать звук его ледяного топора, пробивающего лёд.;x












bloodline_effect_tall;Тенденция к §Gвысокому росту§!;x
bloodline_effect_mystic;Персонажи могут стать §Gмистиками§!;x
bloodline_effect_hunter;Персонажи могут стать §Gохотниками§!;x
bloodline_effect_crane;Персонажи могут стать §Gоборотнями§!;x
bloodline_effect_cruel;Тенденция к §Gжестокости§!;x
bloodline_effect_brave;Тенденция к §Gхрабрости§!;x
bloodline_effect_falconer;Персонажи могут стать §Gсокольничими§!;x
bloodline_effect_vulture;Персонажи могут стать §Gоборотнями§!;x
bloodline_effect_lusty;Тенденция к §Gпохотливости§!;x
bloodline_effect_blackwood;Персонажи могут стать §Gоборотнями§!;x
bloodline_effect_greensight;Персонажи могут стать §Gзеленовидцами§!;x
bloodline_effect_wroth;Тенденция к §Gгневливости§!;x
bloodline_effect_fair;Тенденция к §Gкрасоте§!;x
bloodline_effect_liberator;Персонажи могут стать §Gосвободителями§!;x
bloodline_effect_direwolf;Есть шанс обрести §Gлютоволка§!;x
bloodline_effect_wolf;Персонажи могут стать §Gоборотнями§!;x
bloodline_effect_strategist;Персонажи могут стать §Gстратегами§!;x
bloodline_effect_impaler;Персонажи могут стать §Gпалачами§!;x
bloodline_effect_justice;Тенденция к §Gсправедливости§!;x
bloodline_effect_strong;Тенденция к §Gсиле§!;x
bloodline_effect_zealous;Тенденция к §Gнабожности§!;x
bloodline_effect_mormont;Персонажи могут стать §Gоборотнями§!;x
bloodline_effect_tully;Семья, Долг, Честь;x
bloodline_effect_craven;Тенденция к §Gтрусости§!;x
bloodline_effect_reed;Персонажи могут стать §Gоборотнями§!;x
bloodline_effect_lion;Персонажи могут стать §Gоборотнями§!;x
bloodline_effect_paranoid;Тенденция к легкой §Gпаранойе§!;x
bloodline_effect_brawny;Персонажи могут стать §Gмускулистыми§!;x
bloodline_effect_poet;Персонажи могут стать §Gпоэтами§!;x
bloodline_effect_cannibal;Персонажи могут стать §Gлюдоедами§!;x
bloodline_effect_bat;Персонажи могут стать §Gоборотнями§!;x
bloodline_effect_great_warg;Персонажи могут стать §Gоборотнями§!;x
bloodline_effect_great_bat;Персонажи могут стать §Gоборотнями§!;x
bloodline_effect_lunatic;Персонажи часто становятся §Gсумасшедшими§!;x
bloodline_effect_tormund;У Тормунда есть очень интересная история, связанная с медведицей...;x
bloodline_effect_winged_wolf;Персонажи имеют природную склонность к §Gваргованию§!;x
bloodline_effect_proud;Тенденция к §Gвысокомерию§!;x
bloodline_effect_celibate;Тенденция к обетам §Gцелибата§!;x
bloodline_effect_gardeners;Персонажи могут стать §Gсадоводами§!;x
bloodline_effect_hunchback;Тенденция к §Gгорбатости§!;x
bloodline_effect_longspoon;Время от времени персонажи могут поедать человеческие мозги для образованности и интриги;x
bloodline_effect_sons;Персонажи имеют проблемы с производством мужского наследника;x
bloodline_effect_eunuch;По восшествии на трон от персонажей ожидают кастрации самих себя;x
bloodline_effect_scourge;Персонажам легче вести войну с кочевниками;x
bloodline_effect_scion;Персонажи могут мирно поселять кочевые племена, колонизируя новые зелми;x
bloodline_effect_shield;Персонажи могут заявить о претензиях на Край Теней;x
bloodline_effect_peasant;Персонажи могут создавать уникальные строения чтобы улучшить условия для крестьян;x
bloodline_effect_diplomat;Персонажи могут отправлять имперские делегации в иностранные дворы;x
bloodline_effect_charitable;Тенденция к §Gщедрости§!;x
bloodline_effect_bureaucrat;Персонажи могут создавать уникальные строения чтобы обучать своих подданных и нанимать имперских чиновников;x
bloodline_effect_living_god;Персонажи могут напоминать своим подданным о своем божественном статусе;x
bloodline_effect_whale;Персонажи имеют магическую связь с морем и могут стать §Gоборотнями§!;x
bloodline_effect_duelist;Персонажи могут стать §Gдуэлянтами§!;x
bloodline_effect_honourable;Тенденция к §Gблагородству§!;x
bloodline_effect_dog;Персонажи могут стать §Gоборотнями§!;x
bloodline_effect_mariner;Персонажи зачастую умелые §Gмореплаватели§!;x
bloodline_effect_familyperson;Персонажи склонны находить силу в §Gсемье§!;x



the_seven_DESC;Традиционная религия андалов. Это монотеистическая религия, бог которой имеет семь воплощений – Отец, Мать, Воин, Дева, Кузнец, Старица, и Неведомый – но, зачастую их воспринимают как разных сущностей. Священники Семибожия называются септонами и септами, службы проходят в семисторонних храмах называемых септами. Благочестивые последователи Семерых могут поклоняться одному воплощению прежде остальных.;x


EVTDESCfuneral_winterfell.7;Целые толпы людей, простых и знатных, собрались во дворе Первой Твердыни Винтерфелла и на ближайших могильниках чтобы взглянуть на умершего. Пока процессия несет тело [funeral_target.GetTitledFirstName] через заполненные улицы ко входу в древнюю крипту Винтерфелла, где спят короли Зимы, народ плачет от горя и скорби, пока мертвый проносится мимо. Шествие останавливается перед железноствольными воротами, ведущими вниз. Окружающая толпа замолкает, все что слышно - только странные шептания детских вопросов, когда несущие гроб, родственники мертвого и близкие друзья, продолжают в одиночестве. Сквозь темные залы они проводят ушедшего, наконец достигнув алькова и положив тело под каменной статуей, где каждый, по очереди и по-своему прощается. Последний почтительно возлагает длинный железный меч у колен статуи и на мгновение кладет руку на вырезанного из камня лютоволка перед тем, как развернуться и оставить умершего на вечный покой;x
EVTDESCfuneral_standfast.7;Знать и великие лорды Вестероса сжигают своих умерших или хоронят их в каменных криптах, но у Осгреев обычаи проще. Когда те, кто знал и заботился о [funeral_target.GetTitledFirstName] прибывают в Оплот, они формируют процессию к обратной стороне холма, на котором выстроена крепость. Там, среди зарослей ежевики, выкопана простая могила. [funeral_target.Religion.GetPriestTitle] Оплота произносит заупокойную по [funeral_target.GetTitledFirstName] и, когда крики и плач участников утихают, родственник открывает бочку хорошего вина и начинает возлияние, все присутствующие кричат "[funeral_target.Religion.GetHighGodName] сохрани [funeral_target.GetTitledFirstName]" и пьют в свою очередь. Затем все возвращаются в Оплот чтобы пировать и вспоминать жизнь [funeral_target.GetTitledFirstName].;x
EVTDESCfuneral_casterly.7;Целые толпы людей, простых и знатных, собрались на улицах Ланниспорта чтобы взглянуть на умершего. Пока процессия несет тело [funeral_target.GetTitledFirstName] через заполненные улицы в Львиную Пасть, вход в Утёс Кастерли, народ плачет от горя и скорби, пока мертвый проносится мимо. Как только они проходят через Львиную Пасть, всадники спешиваются и процессия на своих ногах идет к Залу Героев, где тела потомков Ланна Умного хоронятся с незапамятных времен. Там, среди доспехов древних героев Ланнистеров, стоит новый каменный саркофаг в образе [funeral_target.GetTitledFirstName], с каменным львом, свернувшимся под [funeral_target.GetHerHis] ногами. [funeral_target.Religion.GetPriestTitle] Утёса Кастерли произносит заупокойную по [funeral_target.GetTitledFirstName] и, крики и плач участников утихают, так как они молятся [funeral_target.Religion.GetHighGodName] за умершего. Когда солнце исчезает, начинается большой пир и те кто знал умершего рассказывают истории о жизни и деяниях ушедшего;x
EVTDESCfuneral_driftmark.7;Целые толпы людей, простых и знатных, собрались на улицах Халла, Спайстауна и Дрифтмарка чтобы взглянуть на умершего. Пока процессия несет тело [funeral_target.GetTitledFirstName] вниз к гавани, народ плачет от горя и скорби, пока мертвый проносится мимо. Шествие останавливается на краю залива, нарядное тело кладут на галеру, разрисованную морскими коньками Веларионов. Как только [funeral_target.Religion.GetPriestTitle] Дрифтмарка произносит заупокойную, галера отплывает к глубоким водам Узкого моря, где [funeral_target.GetTitledFirstName] оставлен отдыхать под волнами. Когда солнце исчезает, начинается большой пир и те кто знал умершего рассказывают истории о жизни и деяниях ушедшего;x
EVTDESCfuneral_raventree.7;Целые толпы людей, простых и знатных, собрались во дворе Воронодрева чтобы взглянуть на умершего. Пока процессия несет тело [funeral_target.GetTitledFirstName] вниз, к богороще в сердце замка, народ плачет от горя и скорби, пока мертвый проносится мимо. Шествие останавливается под ветвями огромного белого чардрева, которое дало замку его имя. [funeral_target.Religion.GetPriestTitle] Воронодрева произносит заупокойную, которая перемежается криками ворон, угнездившихся на дереве. Как только служба заканчивается, тело [funeral_target.GetTitledFirstName] оборачивают в красный саван, покрытый черными воронами, и хоронят в могиле, расположенной в корнях чардрева, чтобы человек со временем мог стать одним целым с деревом и следить за своими родственниками до конца времен. Когда солнце исчезает, начинается большой пир и те кто знал умершего рассказывают истории о жизни и деяниях ушедшего;x
EVTDESCfuneral_dreadfort.7;Целые толпы людей, простых и знатных, собрались во дворе Дредфорта и на ближайших могильниках чтобы взглянуть на умершего. Пока процессия несет тело [funeral_target.GetTitledFirstName] через заполненные улицы ко входу в древнюю крипту дома Болтонов, где спят правители Дредфорта, народ плачет от горя и скорби, пока мертвый проносится мимо. Окружающая толпа замолкает, все что слышно - только странные шептания детских вопросов, когда несущие гроб, родственники мертвого и близкие друзья, продолжают в одиночестве. Сквозь темные залы они проводят ушедшего, наконец достигнув алькова и положив тело под каменной статуей, где каждый, по очереди и по-своему прощается. Когда солнце исчезает, начинается большой пир и те кто знал умершего рассказывают истории о жизни и деяниях ушедшего;x

String_the_skinchanger_brotherhood;Оборотни;x
String_skinchanger_brotherhood;Оборотни;x
skinchanger_brotherhood;Оборотни;x
skinchanger_brotherhood_rank_1_male;Оборотень;x
skinchanger_brotherhood_rank_1_female;Оборотень;x
skinchanger_brotherhood_rank_2_male;Брат стаи;x
skinchanger_brotherhood_rank_2_female;Сестра стаи;x
skinchanger_brotherhood_rank_3_male;Старший;x
skinchanger_brotherhood_rank_3_female;Старшая;x
skinchanger_brotherhood_rank_4_male;Великий варг;x
skinchanger_brotherhood_rank_4_female;Великий варг;x
skinchanger_brotherhood_leader_desc;Хозяин леса;x
skinchanger_brotherhood;Собрание обортней;x
skinchanger_brotherhood_desc;Оборотни чаще держатся по одиночке, но время от времени они собираются вместе чтобы делиться знанием и говорить с теми, кто принимает их дары. Чтобы посещать их собрания ты должен быть способен надевать шкуру лесного, небесного или морского зверя, или другим путем владеть магией Старых Богов;x
currency_name_skinchanger;Благосклонность Богов;x
skinchanger_brotherhood_powers_rank_1;Может посещать собрания оборотней и встречать других одарённых;x
skinchanger_brotherhood_powers_rank_2;Может узнавать секреты оборотничества от Старших и вырезать рунический чардревный посох;x
skinchanger_brotherhood_powers_rank_3;Может просить Старых Богов о могущественных благословениях и учить других о даре оборотня;x
skinchanger_brotherhood_powers_rank_4;Может путешествовать в далёкие земли чтобы укрощать экзотических зверей;x
TOOLTIPskinchanger_trigger;Крепко связан с магией Старых Богов;x
TOOLTIPis_member_of_skinchangers_tt;Является оборотнем;x
legendary_gathering_skinchanger_tt;НЕ собирались пятнадцать лет;x
tooltip_summoning_lodge_commander;Человек из [Root.Society.GetName] прибудет к вашему двору;x

warrior_lodge_summon_skinchanger;Нанять оборотня;x
warrior_lodge_summon_skinchanger_desc;Благодаря вашей репутации среди оборотней вы можете убеждать остальных присоединяться к вашему двору;x

skinchanger_brotherhood_tame_mammoth;Попытаться укротить мамонта;x
skinchanger_brotherhood_tame_mammoth_desc;Благодаря вашим навыкам оборотня вы могли бы укротить мамонта и подчиниться его своей воле;x
skinchanger_brotherhood_tame_unicorn;Попытаться укротить единорога;x
skinchanger_brotherhood_tame_unicorn_desc;Благодаря вашим навыкам оборотня вы могли бы укротить скагосского единорога и подчиниться его своей воле;x


EVTTITLEdragon.96D;Огненная Ведьма Гор;x
EVTDESCdragon.96D;Вы выслеживали группу горных бандитов в высоких переходах Лунных Гор и наткнулись на большую пещеру, заваленную бараньими костями. Когда вы поворачиваетесь чтобы уйти кое-что останавливает ваш взгляд. Погребенное среди костей, вы находите окаменелое драконье яйцо! Вы поражены, но затем вспоминаете последнюю историю об Овцекраде...\n\nПосле того, как королева Рейнира назвала драконьего отпрыска Крапиву предателем во время Танца Драконов за предположительную связь с принцем Деймоном, Крапива и ее дракон Овцекрад бежали из Девичьего Пруда в сторону Крабьего Залива, и последний раз были замечены в небе глубоко в Лунных Горах, где по преданиям им поклонялись Обгорелые, дракону и могучей огненной ведьме;x
EVTTITLEdragon.96E;Каннибал Драконьего Камня;x
EVTDESCdragon.96E;Вы карабкались по скалистому пути, который ведет на обратную сторону Драконьей Горы, и наткнулись на большую пещеру, заваленную грудами костей овец, людей, и даже раздробленными кусочками драконьей кости. Когда вы поворачиваетесь чтобы уйти кое-что останавливает ваш взгляд. Погребенное среди костей, вы находите окаменелое драконье яйцо! Вы поражены, но затем вспоминаете истории о Каннибале...\n\nСтарый и злобный дракон, обитавший на Драконьем Камне, Каннибал был диким зверем, который отвергал любого возможного всадника, и заработал свое имя убивая и пожирая драконов и их детенышей. Похоже что перед тем как умереть, он оставил яйцо, которое милосердно не смог съесть;x











Jolly_Salt;Весёлая Соль;x
North_Star;Северная Звезда;x































job_spiritual_rahlooism;Красный септон;x
city_job_spiritual_rahlooism;Красный септон;x
LP_job_spiritual_rahlooism;Красный септон;x
nomadic_job_spiritual_rahlooism;Красный септон;x
tribal_job_spiritual_rahlooism;Красный септон;x
NW_job_spiritual_rahlooism;Красный септон;x

job_spiritual_rahlooism_female;Красная септа;x
city_job_spiritual_rahlooism_female;Красная септа;x
LP_job_spiritual_rahlooism_female;Красная септа;x
nomadic_job_spiritual_rahlooism_female;Красная септа;x
tribal_job_spiritual_rahlooism_female;Красная септа;x
NW_job_spiritual_rahlooism_female;Красная септа;x

temple_emperor_rahlooism;Высший Красный септон;x
temple_king_rahlooism;Высший Красный септон;x
temple_duke_rahlooism;Высший Красный септон;x
temple_count_rahlooism;Красный септон;x
temple_baron_rahlooism;Красный септон;x
temple_baron_female_rahlooism;Красная септа;x
temple_kingdom_of_rahlooism;Патриархат;x
temple_kingdom_rahlooism;Патриархат;x


rahlooism;Рахлуизм;x
rahlooism_DESC;Последователи рахлуизма поклоняются Красному Рахлу, Владыке Света, Сердцу Огня, Богу Пламени и Тени. Его религия зародилась в Эссосе, но по мере её распространения на Вестерос, она приобрела некоторые черты более традиционных верований Вестероса. Его последователи более терпимы к тем кто следует другим богам, и уделяют меньше внимания жертвоприношению, чем более традиционное поклонение Рглору. Красные септоны и септы проповедуют о том дне, когда легендарный герой Азор Ахай возродится и поведёт их против Великого Иного и его слуг, ибо ночь темна и полна ужасов;x
rahlooism_FEATURES;§Y*§! Может стать «привилегированным» или «избранным» Красным Рахлу и таким образом получить доступ к таинственной защите и исцеляющим способностям;x
GOD_RED_RAHLOO;Красный Рахлу;x
rahlooism_opinion;Мнение Рахлуизма;x
lustful_opinion;Мнение похотливых;x
celibate_opinion;Мнение давших обет безбрачия;x
chaste_opinion;Мнение целомудренных;x
prostitute_opinion;Мнение проституток;x
homosexual_opinion;Мнение гомосексуалов;x
gregarious_opinion;Мнение общительных;x
hedonist_opinion;Мнение гедонистов;x
familyperson_opinion;Мнение семьянинов;x
dragon_rider_opinion;Мнение драконьих наездников;x
gluttonous_opinion;Мнение прожорливых;x
GOD_MOON;Луна;x
GOD_GELENEI;Геленеи;x


pentoshi_religion;Боги Пентоса;x
pentoshi_religion_DESC;Народ Пентоса поклоняется многим богам, и трудно определить, кто из них самый почитаемый из их пантеона.;x
THE_TESTAMENTS_OF_PENTOS;Пророчества Пентоса;x
GOD_THE_HOUSEHOLD_IDOL;Домашний идол;x
pentoshi_religion_opinion;Мнение пентошийских богов;x

GOD_MOONMOTHER;Лунная Мать;x
myrish_religion;Боги Мира;x
myrish_religion_DESC;Народ Мира поклоняется многим Богам и Божествам. Многие боги связаны с морем и моряками.;x
THE_TESTAMENTS_OF_MYR;Песни Мира;x
GOD_MOONMOTHER;Лунная Мать;x
myrish_religion_opinion;Мнение мирийских богов;x
GOD_PATTERN;Творец узоров;x

Mouse;Мышь;x


opinion_mbs_knighted_me;Посвятил меня в рыцари;x
